Project Name,Project Link,File Name,File Link,Function Name,Line No,Link,Role,Type
fivdi/i2c-bus,https://github.com/fivdi/i2c-bus,test/mocks/linux.js,https://github.com/fivdi/i2c-bus/blob/d6a42496d0b75a93dc5f53d27a405658eaae261c/test/mocks/linux.js#L9,mockFs,9,https://github.com/fivdi/i2c-bus/blob/d6a42496d0b75a93dc5f53d27a405658eaae261c/test/mocks/linux.js#L9,Mock,File
fivdi/i2c-bus,https://github.com/fivdi/i2c-bus,test/close.js,https://github.com/fivdi/i2c-bus/blob/d6a42496d0b75a93dc5f53d27a405658eaae261c/test/close.js#L19,Stub,19,https://github.com/fivdi/i2c-bus/blob/d6a42496d0b75a93dc5f53d27a405658eaae261c/test/close.js#L19,Stub,Device Communication
fivdi/i2c-bus,https://github.com/fivdi/i2c-bus,test/close.js,https://github.com/fivdi/i2c-bus/blob/d6a42496d0b75a93dc5f53d27a405658eaae261c/test/close.js#L20,Stub,20,https://github.com/fivdi/i2c-bus/blob/d6a42496d0b75a93dc5f53d27a405658eaae261c/test/close.js#L20,Stub,Device Communication
fivdi/i2c-bus,https://github.com/fivdi/i2c-bus,test/closeSync.js,https://github.com/fivdi/i2c-bus/blob/d6a42496d0b75a93dc5f53d27a405658eaae261c/test/closeSync.js#L19,Stub,19,https://github.com/fivdi/i2c-bus/blob/d6a42496d0b75a93dc5f53d27a405658eaae261c/test/closeSync.js#L19,Stub,Device Communication
fivdi/i2c-bus,https://github.com/fivdi/i2c-bus,test/closeSync.js,https://github.com/fivdi/i2c-bus/blob/d6a42496d0b75a93dc5f53d27a405658eaae261c/test/closeSync.js#L20,Stub,20,https://github.com/fivdi/i2c-bus/blob/d6a42496d0b75a93dc5f53d27a405658eaae261c/test/closeSync.js#L20,Stub,Device Communication
fivdi/i2c-bus,https://github.com/fivdi/i2c-bus,test/deviceId.js,https://github.com/fivdi/i2c-bus/blob/d6a42496d0b75a93dc5f53d27a405658eaae261c/test/deviceId.js#L23,Stub,23,https://github.com/fivdi/i2c-bus/blob/d6a42496d0b75a93dc5f53d27a405658eaae261c/test/deviceId.js#L23,Stub,Device Communication
fivdi/i2c-bus,https://github.com/fivdi/i2c-bus,test/deviceId.js,https://github.com/fivdi/i2c-bus/blob/d6a42496d0b75a93dc5f53d27a405658eaae261c/test/deviceId.js#L29,Stub,29,https://github.com/fivdi/i2c-bus/blob/d6a42496d0b75a93dc5f53d27a405658eaae261c/test/deviceId.js#L29,Stub,Device Communication
fivdi/i2c-bus,https://github.com/fivdi/i2c-bus,test/deviceIdSync.js,https://github.com/fivdi/i2c-bus/blob/d6a42496d0b75a93dc5f53d27a405658eaae261c/test/deviceIdSync.js#L23,Stub,23,https://github.com/fivdi/i2c-bus/blob/d6a42496d0b75a93dc5f53d27a405658eaae261c/test/deviceIdSync.js#L23,Stub,Device Communication
fivdi/i2c-bus,https://github.com/fivdi/i2c-bus,test/deviceIdSync.js,https://github.com/fivdi/i2c-bus/blob/d6a42496d0b75a93dc5f53d27a405658eaae261c/test/deviceIdSync.js#L25,Stub,25,https://github.com/fivdi/i2c-bus/blob/d6a42496d0b75a93dc5f53d27a405658eaae261c/test/deviceIdSync.js#L25,Stub,Device Communication
fivdi/i2c-bus,https://github.com/fivdi/i2c-bus,test/i2cFuncs.js,https://github.com/fivdi/i2c-bus/blob/d6a42496d0b75a93dc5f53d27a405658eaae261c/test/i2cFuncs.js#L23,Stub,23,https://github.com/fivdi/i2c-bus/blob/d6a42496d0b75a93dc5f53d27a405658eaae261c/test/i2cFuncs.js#L23,Stub,Device Communication
fivdi/i2c-bus,https://github.com/fivdi/i2c-bus,test/i2cFuncs.js,https://github.com/fivdi/i2c-bus/blob/d6a42496d0b75a93dc5f53d27a405658eaae261c/test/i2cFuncs.js#L29,Stub,29,https://github.com/fivdi/i2c-bus/blob/d6a42496d0b75a93dc5f53d27a405658eaae261c/test/i2cFuncs.js#L29,Stub,Device Communication
fivdi/i2c-bus,https://github.com/fivdi/i2c-bus,test/i2cFuncs.js,https://github.com/fivdi/i2c-bus/blob/d6a42496d0b75a93dc5f53d27a405658eaae261c/test/i2cFuncs.js#L107,Stub,107,https://github.com/fivdi/i2c-bus/blob/d6a42496d0b75a93dc5f53d27a405658eaae261c/test/i2cFuncs.js#L107,Stub,Device Communication
fivdi/i2c-bus,https://github.com/fivdi/i2c-bus,test/i2cFuncsSync.js,https://github.com/fivdi/i2c-bus/blob/d6a42496d0b75a93dc5f53d27a405658eaae261c/test/i2cFuncsSync.js#L23,Stub,23,https://github.com/fivdi/i2c-bus/blob/d6a42496d0b75a93dc5f53d27a405658eaae261c/test/i2cFuncsSync.js#L23,Stub,Device Communication
fivdi/i2c-bus,https://github.com/fivdi/i2c-bus,test/i2cFuncsSync.js,https://github.com/fivdi/i2c-bus/blob/d6a42496d0b75a93dc5f53d27a405658eaae261c/test/i2cFuncsSync.js#L25,Stub,25,https://github.com/fivdi/i2c-bus/blob/d6a42496d0b75a93dc5f53d27a405658eaae261c/test/i2cFuncsSync.js#L25,Stub,Device Communication
fivdi/i2c-bus,https://github.com/fivdi/i2c-bus,test/i2cRead.js,https://github.com/fivdi/i2c-bus/blob/d6a42496d0b75a93dc5f53d27a405658eaae261c/test/i2cRead.js#L23,Stub,23,https://github.com/fivdi/i2c-bus/blob/d6a42496d0b75a93dc5f53d27a405658eaae261c/test/i2cRead.js#L23,Stub,Device Communication
fivdi/i2c-bus,https://github.com/fivdi/i2c-bus,test/i2cReadSync.js,https://github.com/fivdi/i2c-bus/blob/d6a42496d0b75a93dc5f53d27a405658eaae261c/test/i2cReadSync.js#L23,Stub,23,https://github.com/fivdi/i2c-bus/blob/d6a42496d0b75a93dc5f53d27a405658eaae261c/test/i2cReadSync.js#L23,Stub,Device Communication
fivdi/i2c-bus,https://github.com/fivdi/i2c-bus,test/i2cWrite.js,https://github.com/fivdi/i2c-bus/blob/d6a42496d0b75a93dc5f53d27a405658eaae261c/test/i2cWrite.js#L23,Stub,23,https://github.com/fivdi/i2c-bus/blob/d6a42496d0b75a93dc5f53d27a405658eaae261c/test/i2cWrite.js#L23,Stub,Device Communication
fivdi/i2c-bus,https://github.com/fivdi/i2c-bus,test/i2cWriteSync.js,https://github.com/fivdi/i2c-bus/blob/d6a42496d0b75a93dc5f53d27a405658eaae261c/test/i2cWriteSync.js#L23,Stub,23,https://github.com/fivdi/i2c-bus/blob/d6a42496d0b75a93dc5f53d27a405658eaae261c/test/i2cWriteSync.js#L23,Stub,Device Communication
fivdi/i2c-bus,https://github.com/fivdi/i2c-bus,test/promisifiedBus.js,https://github.com/fivdi/i2c-bus/blob/d6a42496d0b75a93dc5f53d27a405658eaae261c/test/promisifiedBus.js#L24,Stub,24,https://github.com/fivdi/i2c-bus/blob/d6a42496d0b75a93dc5f53d27a405658eaae261c/test/promisifiedBus.js#L24,Stub,Device Communication
fivdi/i2c-bus,https://github.com/fivdi/i2c-bus,test/promisifiedBus.js,https://github.com/fivdi/i2c-bus/blob/d6a42496d0b75a93dc5f53d27a405658eaae261c/test/promisifiedBus.js#L40,Stub,40,https://github.com/fivdi/i2c-bus/blob/d6a42496d0b75a93dc5f53d27a405658eaae261c/test/promisifiedBus.js#L40,Stub,Device Communication
fivdi/i2c-bus,https://github.com/fivdi/i2c-bus,test/promisifiedBus.js,https://github.com/fivdi/i2c-bus/blob/d6a42496d0b75a93dc5f53d27a405658eaae261c/test/promisifiedBus.js#L57,Stub,57,https://github.com/fivdi/i2c-bus/blob/d6a42496d0b75a93dc5f53d27a405658eaae261c/test/promisifiedBus.js#L57,Stub,Device Communication
fivdi/i2c-bus,https://github.com/fivdi/i2c-bus,test/promisifiedBus.js,https://github.com/fivdi/i2c-bus/blob/d6a42496d0b75a93dc5f53d27a405658eaae261c/test/promisifiedBus.js#L73,Stub,73,https://github.com/fivdi/i2c-bus/blob/d6a42496d0b75a93dc5f53d27a405658eaae261c/test/promisifiedBus.js#L73,Stub,Device Communication
fivdi/i2c-bus,https://github.com/fivdi/i2c-bus,test/promisifiedBus.js,https://github.com/fivdi/i2c-bus/blob/d6a42496d0b75a93dc5f53d27a405658eaae261c/test/promisifiedBus.js#L93,Stub,93,https://github.com/fivdi/i2c-bus/blob/d6a42496d0b75a93dc5f53d27a405658eaae261c/test/promisifiedBus.js#L93,Stub,Device Communication
fivdi/i2c-bus,https://github.com/fivdi/i2c-bus,test/promisifiedBus.js,https://github.com/fivdi/i2c-bus/blob/d6a42496d0b75a93dc5f53d27a405658eaae261c/test/promisifiedBus.js#L113,Stub,113,https://github.com/fivdi/i2c-bus/blob/d6a42496d0b75a93dc5f53d27a405658eaae261c/test/promisifiedBus.js#L113,Stub,Device Communication
fivdi/i2c-bus,https://github.com/fivdi/i2c-bus,test/promisifiedBus.js,https://github.com/fivdi/i2c-bus/blob/d6a42496d0b75a93dc5f53d27a405658eaae261c/test/promisifiedBus.js#L133,Stub,133,https://github.com/fivdi/i2c-bus/blob/d6a42496d0b75a93dc5f53d27a405658eaae261c/test/promisifiedBus.js#L133,Stub,Device Communication
fivdi/i2c-bus,https://github.com/fivdi/i2c-bus,test/promisifiedBus.js,https://github.com/fivdi/i2c-bus/blob/d6a42496d0b75a93dc5f53d27a405658eaae261c/test/promisifiedBus.js#L151,Stub,151,https://github.com/fivdi/i2c-bus/blob/d6a42496d0b75a93dc5f53d27a405658eaae261c/test/promisifiedBus.js#L151,,
fivdi/i2c-bus,https://github.com/fivdi/i2c-bus,test/promisifiedBus.js,https://github.com/fivdi/i2c-bus/blob/d6a42496d0b75a93dc5f53d27a405658eaae261c/test/promisifiedBus.js#L172,Stub,172,https://github.com/fivdi/i2c-bus/blob/d6a42496d0b75a93dc5f53d27a405658eaae261c/test/promisifiedBus.js#L172,,
fivdi/i2c-bus,https://github.com/fivdi/i2c-bus,test/promisifiedBus.js,https://github.com/fivdi/i2c-bus/blob/d6a42496d0b75a93dc5f53d27a405658eaae261c/test/promisifiedBus.js#L190,Stub,190,https://github.com/fivdi/i2c-bus/blob/d6a42496d0b75a93dc5f53d27a405658eaae261c/test/promisifiedBus.js#L190,,
fivdi/i2c-bus,https://github.com/fivdi/i2c-bus,test/promisifiedBus.js,https://github.com/fivdi/i2c-bus/blob/d6a42496d0b75a93dc5f53d27a405658eaae261c/test/promisifiedBus.js#L207,Stub,207,https://github.com/fivdi/i2c-bus/blob/d6a42496d0b75a93dc5f53d27a405658eaae261c/test/promisifiedBus.js#L207,,
fivdi/i2c-bus,https://github.com/fivdi/i2c-bus,test/promisifiedBus.js,https://github.com/fivdi/i2c-bus/blob/d6a42496d0b75a93dc5f53d27a405658eaae261c/test/promisifiedBus.js#L225,Stub,225,https://github.com/fivdi/i2c-bus/blob/d6a42496d0b75a93dc5f53d27a405658eaae261c/test/promisifiedBus.js#L225,,
fivdi/i2c-bus,https://github.com/fivdi/i2c-bus,test/promisifiedBus.js,https://github.com/fivdi/i2c-bus/blob/d6a42496d0b75a93dc5f53d27a405658eaae261c/test/promisifiedBus.js#L243,Stub,243,https://github.com/fivdi/i2c-bus/blob/d6a42496d0b75a93dc5f53d27a405658eaae261c/test/promisifiedBus.js#L243,,
fivdi/i2c-bus,https://github.com/fivdi/i2c-bus,test/promisifiedBus.js,https://github.com/fivdi/i2c-bus/blob/d6a42496d0b75a93dc5f53d27a405658eaae261c/test/promisifiedBus.js#L264,Stub,264,https://github.com/fivdi/i2c-bus/blob/d6a42496d0b75a93dc5f53d27a405658eaae261c/test/promisifiedBus.js#L264,,
fivdi/i2c-bus,https://github.com/fivdi/i2c-bus,test/promisifiedBus.js,https://github.com/fivdi/i2c-bus/blob/d6a42496d0b75a93dc5f53d27a405658eaae261c/test/promisifiedBus.js#L283,Stub,283,https://github.com/fivdi/i2c-bus/blob/d6a42496d0b75a93dc5f53d27a405658eaae261c/test/promisifiedBus.js#L283,,
fivdi/i2c-bus,https://github.com/fivdi/i2c-bus,test/promisifiedBus.js,https://github.com/fivdi/i2c-bus/blob/d6a42496d0b75a93dc5f53d27a405658eaae261c/test/promisifiedBus.js#L304,Stub,304,https://github.com/fivdi/i2c-bus/blob/d6a42496d0b75a93dc5f53d27a405658eaae261c/test/promisifiedBus.js#L304,,
fivdi/i2c-bus,https://github.com/fivdi/i2c-bus,test/promisifiedBus.js,https://github.com/fivdi/i2c-bus/blob/d6a42496d0b75a93dc5f53d27a405658eaae261c/test/promisifiedBus.js#L322,Stub,322,https://github.com/fivdi/i2c-bus/blob/d6a42496d0b75a93dc5f53d27a405658eaae261c/test/promisifiedBus.js#L322,,
fivdi/i2c-bus,https://github.com/fivdi/i2c-bus,test/readBlock.js,https://github.com/fivdi/i2c-bus/blob/d6a42496d0b75a93dc5f53d27a405658eaae261c/test/readBlock.js#L24,Stub,24,https://github.com/fivdi/i2c-bus/blob/d6a42496d0b75a93dc5f53d27a405658eaae261c/test/readBlock.js#L24,,
fivdi/i2c-bus,https://github.com/fivdi/i2c-bus,test/readBlock.js,https://github.com/fivdi/i2c-bus/blob/d6a42496d0b75a93dc5f53d27a405658eaae261c/test/readBlock.js#L30,Stub,30,https://github.com/fivdi/i2c-bus/blob/d6a42496d0b75a93dc5f53d27a405658eaae261c/test/readBlock.js#L30,,
fivdi/i2c-bus,https://github.com/fivdi/i2c-bus,test/readBlockSync.js,https://github.com/fivdi/i2c-bus/blob/d6a42496d0b75a93dc5f53d27a405658eaae261c/test/readBlockSync.js#L24,Stub,24,https://github.com/fivdi/i2c-bus/blob/d6a42496d0b75a93dc5f53d27a405658eaae261c/test/readBlockSync.js#L24,,
fivdi/i2c-bus,https://github.com/fivdi/i2c-bus,test/readBlockSync.js,https://github.com/fivdi/i2c-bus/blob/d6a42496d0b75a93dc5f53d27a405658eaae261c/test/readBlockSync.js#L26,Stub,26,https://github.com/fivdi/i2c-bus/blob/d6a42496d0b75a93dc5f53d27a405658eaae261c/test/readBlockSync.js#L26,,
fivdi/i2c-bus,https://github.com/fivdi/i2c-bus,test/readByte.js,https://github.com/fivdi/i2c-bus/blob/d6a42496d0b75a93dc5f53d27a405658eaae261c/test/readByte.js#L23,Stub,23,https://github.com/fivdi/i2c-bus/blob/d6a42496d0b75a93dc5f53d27a405658eaae261c/test/readByte.js#L23,,
fivdi/i2c-bus,https://github.com/fivdi/i2c-bus,test/readByte.js,https://github.com/fivdi/i2c-bus/blob/d6a42496d0b75a93dc5f53d27a405658eaae261c/test/readByte.js#L33,Stub,33,https://github.com/fivdi/i2c-bus/blob/d6a42496d0b75a93dc5f53d27a405658eaae261c/test/readByte.js#L33,,
fivdi/i2c-bus,https://github.com/fivdi/i2c-bus,test/readByteSync.js,https://github.com/fivdi/i2c-bus/blob/d6a42496d0b75a93dc5f53d27a405658eaae261c/test/readByteSync.js#L23,Stub,23,https://github.com/fivdi/i2c-bus/blob/d6a42496d0b75a93dc5f53d27a405658eaae261c/test/readByteSync.js#L23,,
fivdi/i2c-bus,https://github.com/fivdi/i2c-bus,test/readByteSync.js,https://github.com/fivdi/i2c-bus/blob/d6a42496d0b75a93dc5f53d27a405658eaae261c/test/readByteSync.js#L31,Stub,31,https://github.com/fivdi/i2c-bus/blob/d6a42496d0b75a93dc5f53d27a405658eaae261c/test/readByteSync.js#L31,,
fivdi/i2c-bus,https://github.com/fivdi/i2c-bus,test/readI2cBlock.js,https://github.com/fivdi/i2c-bus/blob/d6a42496d0b75a93dc5f53d27a405658eaae261c/test/readI2cBlock.js#L23,Stub,23,https://github.com/fivdi/i2c-bus/blob/d6a42496d0b75a93dc5f53d27a405658eaae261c/test/readI2cBlock.js#L23,,
fivdi/i2c-bus,https://github.com/fivdi/i2c-bus,test/readI2cBlock.js,https://github.com/fivdi/i2c-bus/blob/d6a42496d0b75a93dc5f53d27a405658eaae261c/test/readI2cBlock.js#L29,Stub,29,https://github.com/fivdi/i2c-bus/blob/d6a42496d0b75a93dc5f53d27a405658eaae261c/test/readI2cBlock.js#L29,,
fivdi/i2c-bus,https://github.com/fivdi/i2c-bus,test/readI2cBlockSync.js,https://github.com/fivdi/i2c-bus/blob/d6a42496d0b75a93dc5f53d27a405658eaae261c/test/readI2cBlockSync.js#L23,Stub,23,https://github.com/fivdi/i2c-bus/blob/d6a42496d0b75a93dc5f53d27a405658eaae261c/test/readI2cBlockSync.js#L23,,
fivdi/i2c-bus,https://github.com/fivdi/i2c-bus,test/readI2cBlockSync.js,https://github.com/fivdi/i2c-bus/blob/d6a42496d0b75a93dc5f53d27a405658eaae261c/test/readI2cBlockSync.js#L25,Stub,25,https://github.com/fivdi/i2c-bus/blob/d6a42496d0b75a93dc5f53d27a405658eaae261c/test/readI2cBlockSync.js#L25,,
fivdi/i2c-bus,https://github.com/fivdi/i2c-bus,test/readWord.js,https://github.com/fivdi/i2c-bus/blob/d6a42496d0b75a93dc5f53d27a405658eaae261c/test/readWord.js#L23,Stub,23,https://github.com/fivdi/i2c-bus/blob/d6a42496d0b75a93dc5f53d27a405658eaae261c/test/readWord.js#L23,,
fivdi/i2c-bus,https://github.com/fivdi/i2c-bus,test/readWord.js,https://github.com/fivdi/i2c-bus/blob/d6a42496d0b75a93dc5f53d27a405658eaae261c/test/readWord.js#L29,Stub,29,https://github.com/fivdi/i2c-bus/blob/d6a42496d0b75a93dc5f53d27a405658eaae261c/test/readWord.js#L29,,
fivdi/i2c-bus,https://github.com/fivdi/i2c-bus,test/readWordSync.js,https://github.com/fivdi/i2c-bus/blob/d6a42496d0b75a93dc5f53d27a405658eaae261c/test/readWordSync.js#L23,Stub,23,https://github.com/fivdi/i2c-bus/blob/d6a42496d0b75a93dc5f53d27a405658eaae261c/test/readWordSync.js#L23,,
fivdi/i2c-bus,https://github.com/fivdi/i2c-bus,test/readWordSync.js,https://github.com/fivdi/i2c-bus/blob/d6a42496d0b75a93dc5f53d27a405658eaae261c/test/readWordSync.js#L25,Stub,25,https://github.com/fivdi/i2c-bus/blob/d6a42496d0b75a93dc5f53d27a405658eaae261c/test/readWordSync.js#L25,,
fivdi/i2c-bus,https://github.com/fivdi/i2c-bus,test/receiveByte.js,https://github.com/fivdi/i2c-bus/blob/d6a42496d0b75a93dc5f53d27a405658eaae261c/test/receiveByte.js#L23,Stub,23,https://github.com/fivdi/i2c-bus/blob/d6a42496d0b75a93dc5f53d27a405658eaae261c/test/receiveByte.js#L23,,
fivdi/i2c-bus,https://github.com/fivdi/i2c-bus,test/receiveByte.js,https://github.com/fivdi/i2c-bus/blob/d6a42496d0b75a93dc5f53d27a405658eaae261c/test/receiveByte.js#L29,Stub,29,https://github.com/fivdi/i2c-bus/blob/d6a42496d0b75a93dc5f53d27a405658eaae261c/test/receiveByte.js#L29,,
fivdi/i2c-bus,https://github.com/fivdi/i2c-bus,test/receiveByteSync.js,https://github.com/fivdi/i2c-bus/blob/d6a42496d0b75a93dc5f53d27a405658eaae261c/test/receiveByteSync.js#L23,Stub,23,https://github.com/fivdi/i2c-bus/blob/d6a42496d0b75a93dc5f53d27a405658eaae261c/test/receiveByteSync.js#L23,,
fivdi/i2c-bus,https://github.com/fivdi/i2c-bus,test/receiveByteSync.js,https://github.com/fivdi/i2c-bus/blob/d6a42496d0b75a93dc5f53d27a405658eaae261c/test/receiveByteSync.js#L25,Stub,25,https://github.com/fivdi/i2c-bus/blob/d6a42496d0b75a93dc5f53d27a405658eaae261c/test/receiveByteSync.js#L25,,
fivdi/i2c-bus,https://github.com/fivdi/i2c-bus,test/scan.js,https://github.com/fivdi/i2c-bus/blob/d6a42496d0b75a93dc5f53d27a405658eaae261c/test/scan.js#L26,Stub,26,https://github.com/fivdi/i2c-bus/blob/d6a42496d0b75a93dc5f53d27a405658eaae261c/test/scan.js#L26,,
fivdi/i2c-bus,https://github.com/fivdi/i2c-bus,test/scan.js,https://github.com/fivdi/i2c-bus/blob/d6a42496d0b75a93dc5f53d27a405658eaae261c/test/scan.js#L33,Stub,33,https://github.com/fivdi/i2c-bus/blob/d6a42496d0b75a93dc5f53d27a405658eaae261c/test/scan.js#L33,,
fivdi/i2c-bus,https://github.com/fivdi/i2c-bus,test/scanSync.js,https://github.com/fivdi/i2c-bus/blob/d6a42496d0b75a93dc5f53d27a405658eaae261c/test/scanSync.js#L26,Stub,26,https://github.com/fivdi/i2c-bus/blob/d6a42496d0b75a93dc5f53d27a405658eaae261c/test/scanSync.js#L26,,
fivdi/i2c-bus,https://github.com/fivdi/i2c-bus,test/scanSync.js,https://github.com/fivdi/i2c-bus/blob/d6a42496d0b75a93dc5f53d27a405658eaae261c/test/scanSync.js#L32,Stub,32,https://github.com/fivdi/i2c-bus/blob/d6a42496d0b75a93dc5f53d27a405658eaae261c/test/scanSync.js#L32,,
fivdi/i2c-bus,https://github.com/fivdi/i2c-bus,test/sendByte.js,https://github.com/fivdi/i2c-bus/blob/d6a42496d0b75a93dc5f53d27a405658eaae261c/test/sendByte.js#L23,Stub,23,https://github.com/fivdi/i2c-bus/blob/d6a42496d0b75a93dc5f53d27a405658eaae261c/test/sendByte.js#L23,,
fivdi/i2c-bus,https://github.com/fivdi/i2c-bus,test/sendByte.js,https://github.com/fivdi/i2c-bus/blob/d6a42496d0b75a93dc5f53d27a405658eaae261c/test/sendByte.js#L29,Stub,29,https://github.com/fivdi/i2c-bus/blob/d6a42496d0b75a93dc5f53d27a405658eaae261c/test/sendByte.js#L29,,
fivdi/i2c-bus,https://github.com/fivdi/i2c-bus,test/sendByteSync.js,https://github.com/fivdi/i2c-bus/blob/d6a42496d0b75a93dc5f53d27a405658eaae261c/test/sendByteSync.js#L23,Stub,23,https://github.com/fivdi/i2c-bus/blob/d6a42496d0b75a93dc5f53d27a405658eaae261c/test/sendByteSync.js#L23,,
fivdi/i2c-bus,https://github.com/fivdi/i2c-bus,test/sendByteSync.js,https://github.com/fivdi/i2c-bus/blob/d6a42496d0b75a93dc5f53d27a405658eaae261c/test/sendByteSync.js#L24,Stub,24,https://github.com/fivdi/i2c-bus/blob/d6a42496d0b75a93dc5f53d27a405658eaae261c/test/sendByteSync.js#L24,,
fivdi/i2c-bus,https://github.com/fivdi/i2c-bus,test/writeBlock.js,https://github.com/fivdi/i2c-bus/blob/d6a42496d0b75a93dc5f53d27a405658eaae261c/test/writeBlock.js#L23,Stub,23,https://github.com/fivdi/i2c-bus/blob/d6a42496d0b75a93dc5f53d27a405658eaae261c/test/writeBlock.js#L23,,
fivdi/i2c-bus,https://github.com/fivdi/i2c-bus,test/writeBlock.js,https://github.com/fivdi/i2c-bus/blob/d6a42496d0b75a93dc5f53d27a405658eaae261c/test/writeBlock.js#L29,Stub,29,https://github.com/fivdi/i2c-bus/blob/d6a42496d0b75a93dc5f53d27a405658eaae261c/test/writeBlock.js#L29,,
fivdi/i2c-bus,https://github.com/fivdi/i2c-bus,test/writeBlockSync.js,https://github.com/fivdi/i2c-bus/blob/d6a42496d0b75a93dc5f53d27a405658eaae261c/test/writeBlockSync.js#L23,Stub,23,https://github.com/fivdi/i2c-bus/blob/d6a42496d0b75a93dc5f53d27a405658eaae261c/test/writeBlockSync.js#L23,,
fivdi/i2c-bus,https://github.com/fivdi/i2c-bus,test/writeBlockSync.js,https://github.com/fivdi/i2c-bus/blob/d6a42496d0b75a93dc5f53d27a405658eaae261c/test/writeBlockSync.js#L24,Stub,24,https://github.com/fivdi/i2c-bus/blob/d6a42496d0b75a93dc5f53d27a405658eaae261c/test/writeBlockSync.js#L24,,
fivdi/i2c-bus,https://github.com/fivdi/i2c-bus,test/writeByte.js,https://github.com/fivdi/i2c-bus/blob/d6a42496d0b75a93dc5f53d27a405658eaae261c/test/writeByte.js#L23,Stub,23,https://github.com/fivdi/i2c-bus/blob/d6a42496d0b75a93dc5f53d27a405658eaae261c/test/writeByte.js#L23,,
fivdi/i2c-bus,https://github.com/fivdi/i2c-bus,test/writeByte.js,https://github.com/fivdi/i2c-bus/blob/d6a42496d0b75a93dc5f53d27a405658eaae261c/test/writeByte.js#L29,Stub,29,https://github.com/fivdi/i2c-bus/blob/d6a42496d0b75a93dc5f53d27a405658eaae261c/test/writeByte.js#L29,,
fivdi/i2c-bus,https://github.com/fivdi/i2c-bus,test/writeByteSync.js,https://github.com/fivdi/i2c-bus/blob/d6a42496d0b75a93dc5f53d27a405658eaae261c/test/writeByteSync.js#L23,Stub,23,https://github.com/fivdi/i2c-bus/blob/d6a42496d0b75a93dc5f53d27a405658eaae261c/test/writeByteSync.js#L23,,
fivdi/i2c-bus,https://github.com/fivdi/i2c-bus,test/writeByteSync.js,https://github.com/fivdi/i2c-bus/blob/d6a42496d0b75a93dc5f53d27a405658eaae261c/test/writeByteSync.js#L24,Stub,24,https://github.com/fivdi/i2c-bus/blob/d6a42496d0b75a93dc5f53d27a405658eaae261c/test/writeByteSync.js#L24,,
fivdi/i2c-bus,https://github.com/fivdi/i2c-bus,test/writeI2cBlock.js,https://github.com/fivdi/i2c-bus/blob/d6a42496d0b75a93dc5f53d27a405658eaae261c/test/writeI2cBlock.js#L23,Stub,23,https://github.com/fivdi/i2c-bus/blob/d6a42496d0b75a93dc5f53d27a405658eaae261c/test/writeI2cBlock.js#L23,,
fivdi/i2c-bus,https://github.com/fivdi/i2c-bus,test/writeI2cBlock.js,https://github.com/fivdi/i2c-bus/blob/d6a42496d0b75a93dc5f53d27a405658eaae261c/test/writeI2cBlock.js#L29,Stub,29,https://github.com/fivdi/i2c-bus/blob/d6a42496d0b75a93dc5f53d27a405658eaae261c/test/writeI2cBlock.js#L29,,
fivdi/i2c-bus,https://github.com/fivdi/i2c-bus,test/writeI2cBlockSync.js,https://github.com/fivdi/i2c-bus/blob/d6a42496d0b75a93dc5f53d27a405658eaae261c/test/writeI2cBlockSync.js#L23,Stub,23,https://github.com/fivdi/i2c-bus/blob/d6a42496d0b75a93dc5f53d27a405658eaae261c/test/writeI2cBlockSync.js#L23,,
fivdi/i2c-bus,https://github.com/fivdi/i2c-bus,test/writeI2cBlockSync.js,https://github.com/fivdi/i2c-bus/blob/d6a42496d0b75a93dc5f53d27a405658eaae261c/test/writeI2cBlockSync.js#L24,Stub,24,https://github.com/fivdi/i2c-bus/blob/d6a42496d0b75a93dc5f53d27a405658eaae261c/test/writeI2cBlockSync.js#L24,,
fivdi/i2c-bus,https://github.com/fivdi/i2c-bus,test/writeQuick.js,https://github.com/fivdi/i2c-bus/blob/d6a42496d0b75a93dc5f53d27a405658eaae261c/test/writeQuick.js#L23,Stub,23,https://github.com/fivdi/i2c-bus/blob/d6a42496d0b75a93dc5f53d27a405658eaae261c/test/writeQuick.js#L23,,
fivdi/i2c-bus,https://github.com/fivdi/i2c-bus,test/writeQuick.js,https://github.com/fivdi/i2c-bus/blob/d6a42496d0b75a93dc5f53d27a405658eaae261c/test/writeQuick.js#L29,Stub,29,https://github.com/fivdi/i2c-bus/blob/d6a42496d0b75a93dc5f53d27a405658eaae261c/test/writeQuick.js#L29,,
fivdi/i2c-bus,https://github.com/fivdi/i2c-bus,test/writeQuickSync.js,https://github.com/fivdi/i2c-bus/blob/d6a42496d0b75a93dc5f53d27a405658eaae261c/test/writeQuickSync.js#L23,Stub,23,https://github.com/fivdi/i2c-bus/blob/d6a42496d0b75a93dc5f53d27a405658eaae261c/test/writeQuickSync.js#L23,,
fivdi/i2c-bus,https://github.com/fivdi/i2c-bus,test/writeQuickSync.js,https://github.com/fivdi/i2c-bus/blob/d6a42496d0b75a93dc5f53d27a405658eaae261c/test/writeQuickSync.js#L24,Stub,24,https://github.com/fivdi/i2c-bus/blob/d6a42496d0b75a93dc5f53d27a405658eaae261c/test/writeQuickSync.js#L24,,
fivdi/i2c-bus,https://github.com/fivdi/i2c-bus,test/writeWord.js,https://github.com/fivdi/i2c-bus/blob/d6a42496d0b75a93dc5f53d27a405658eaae261c/test/writeWord.js#L23,Stub,23,https://github.com/fivdi/i2c-bus/blob/d6a42496d0b75a93dc5f53d27a405658eaae261c/test/writeWord.js#L23,,
fivdi/i2c-bus,https://github.com/fivdi/i2c-bus,test/writeWord.js,https://github.com/fivdi/i2c-bus/blob/d6a42496d0b75a93dc5f53d27a405658eaae261c/test/writeWord.js#L29,Stub,29,https://github.com/fivdi/i2c-bus/blob/d6a42496d0b75a93dc5f53d27a405658eaae261c/test/writeWord.js#L29,,
fivdi/i2c-bus,https://github.com/fivdi/i2c-bus,test/writeWordSync.js,https://github.com/fivdi/i2c-bus/blob/d6a42496d0b75a93dc5f53d27a405658eaae261c/test/writeWordSync.js#L23,Stub,23,https://github.com/fivdi/i2c-bus/blob/d6a42496d0b75a93dc5f53d27a405658eaae261c/test/writeWordSync.js#L23,,
fivdi/i2c-bus,https://github.com/fivdi/i2c-bus,test/writeWordSync.js,https://github.com/fivdi/i2c-bus/blob/d6a42496d0b75a93dc5f53d27a405658eaae261c/test/writeWordSync.js#L24,Stub,24,https://github.com/fivdi/i2c-bus/blob/d6a42496d0b75a93dc5f53d27a405658eaae261c/test/writeWordSync.js#L24,,
particle-iot/particle-cli,https://github.com/particle-iot/particle-cli,src/app/command-processor.test.js,https://github.com/particle-iot/particle-cli/blob/a31621b7510560e0c7a4da04faf8a907474271c1/src/app/command-processor.test.js#L401,Stub,401,https://github.com/particle-iot/particle-cli/blob/a31621b7510560e0c7a4da04faf8a907474271c1/src/app/command-processor.test.js#L401,,
particle-iot/particle-cli,https://github.com/particle-iot/particle-cli,src/app/command-processor.test.js,https://github.com/particle-iot/particle-cli/blob/a31621b7510560e0c7a4da04faf8a907474271c1/src/app/command-processor.test.js#L402,Stub,402,https://github.com/particle-iot/particle-cli/blob/a31621b7510560e0c7a4da04faf8a907474271c1/src/app/command-processor.test.js#L402,,
particle-iot/particle-cli,https://github.com/particle-iot/particle-cli,src/app/ui.test.js,https://github.com/particle-iot/particle-cli/blob/a31621b7510560e0c7a4da04faf8a907474271c1/src/app/ui.test.js#L23,Stub,23,https://github.com/particle-iot/particle-cli/blob/a31621b7510560e0c7a4da04faf8a907474271c1/src/app/ui.test.js#L23,,
particle-iot/particle-cli,https://github.com/particle-iot/particle-cli,src/app/ui.test.js,https://github.com/particle-iot/particle-cli/blob/a31621b7510560e0c7a4da04faf8a907474271c1/src/app/ui.test.js#L65,Stub,65,https://github.com/particle-iot/particle-cli/blob/a31621b7510560e0c7a4da04faf8a907474271c1/src/app/ui.test.js#L65,,
particle-iot/particle-cli,https://github.com/particle-iot/particle-cli,src/app/ui.test.js,https://github.com/particle-iot/particle-cli/blob/a31621b7510560e0c7a4da04faf8a907474271c1/src/app/ui.test.js#L66,Stub,66,https://github.com/particle-iot/particle-cli/blob/a31621b7510560e0c7a4da04faf8a907474271c1/src/app/ui.test.js#L66,,
particle-iot/particle-cli,https://github.com/particle-iot/particle-cli,src/app/ui.test.js,https://github.com/particle-iot/particle-cli/blob/a31621b7510560e0c7a4da04faf8a907474271c1/src/app/ui.test.js#L67,Stub,67,https://github.com/particle-iot/particle-cli/blob/a31621b7510560e0c7a4da04faf8a907474271c1/src/app/ui.test.js#L67,,
particle-iot/particle-cli,https://github.com/particle-iot/particle-cli,src/app/update-check.test.js,https://github.com/particle-iot/particle-cli/blob/a31621b7510560e0c7a4da04faf8a907474271c1/src/app/update-check.test.js#L22,Stub,22,https://github.com/particle-iot/particle-cli/blob/a31621b7510560e0c7a4da04faf8a907474271c1/src/app/update-check.test.js#L22,,
particle-iot/particle-cli,https://github.com/particle-iot/particle-cli,src/app/update-check.test.js,https://github.com/particle-iot/particle-cli/blob/a31621b7510560e0c7a4da04faf8a907474271c1/src/app/update-check.test.js#L23,Stub,23,https://github.com/particle-iot/particle-cli/blob/a31621b7510560e0c7a4da04faf8a907474271c1/src/app/update-check.test.js#L23,,
particle-iot/particle-cli,https://github.com/particle-iot/particle-cli,src/app/update-check.test.js,https://github.com/particle-iot/particle-cli/blob/a31621b7510560e0c7a4da04faf8a907474271c1/src/app/update-check.test.js#L24,Stub,24,https://github.com/particle-iot/particle-cli/blob/a31621b7510560e0c7a4da04faf8a907474271c1/src/app/update-check.test.js#L24,,
particle-iot/particle-cli,https://github.com/particle-iot/particle-cli,src/app/update-check.test.js,https://github.com/particle-iot/particle-cli/blob/a31621b7510560e0c7a4da04faf8a907474271c1/src/app/update-check.test.js#L25,Stub,25,https://github.com/particle-iot/particle-cli/blob/a31621b7510560e0c7a4da04faf8a907474271c1/src/app/update-check.test.js#L25,,
particle-iot/particle-cli,https://github.com/particle-iot/particle-cli,src/app/update-check.test.js,https://github.com/particle-iot/particle-cli/blob/a31621b7510560e0c7a4da04faf8a907474271c1/src/app/update-check.test.js#L26,Stub,26,https://github.com/particle-iot/particle-cli/blob/a31621b7510560e0c7a4da04faf8a907474271c1/src/app/update-check.test.js#L26,,
particle-iot/particle-cli,https://github.com/particle-iot/particle-cli,src/app/update-check.test.js,https://github.com/particle-iot/particle-cli/blob/a31621b7510560e0c7a4da04faf8a907474271c1/src/app/update-check.test.js#L27,Stub,27,https://github.com/particle-iot/particle-cli/blob/a31621b7510560e0c7a4da04faf8a907474271c1/src/app/update-check.test.js#L27,,
particle-iot/particle-cli,https://github.com/particle-iot/particle-cli,src/app/update-check.test.js,https://github.com/particle-iot/particle-cli/blob/a31621b7510560e0c7a4da04faf8a907474271c1/src/app/update-check.test.js#L28,Stub,28,https://github.com/particle-iot/particle-cli/blob/a31621b7510560e0c7a4da04faf8a907474271c1/src/app/update-check.test.js#L28,,
particle-iot/particle-cli,https://github.com/particle-iot/particle-cli,src/app/update-check.test.js,https://github.com/particle-iot/particle-cli/blob/a31621b7510560e0c7a4da04faf8a907474271c1/src/app/update-check.test.js#L29,Stub,29,https://github.com/particle-iot/particle-cli/blob/a31621b7510560e0c7a4da04faf8a907474271c1/src/app/update-check.test.js#L29,,
particle-iot/particle-cli,https://github.com/particle-iot/particle-cli,src/app/update-check.test.js,https://github.com/particle-iot/particle-cli/blob/a31621b7510560e0c7a4da04faf8a907474271c1/src/app/update-check.test.js#L30,spy,30,https://github.com/particle-iot/particle-cli/blob/a31621b7510560e0c7a4da04faf8a907474271c1/src/app/update-check.test.js#L30,,
particle-iot/particle-cli,https://github.com/particle-iot/particle-cli,src/cli/library_migrate.test.js,https://github.com/particle-iot/particle-cli/blob/a31621b7510560e0c7a4da04faf8a907474271c1/src/cli/library_migrate.test.js#L32,spy,32,https://github.com/particle-iot/particle-cli/blob/a31621b7510560e0c7a4da04faf8a907474271c1/src/cli/library_migrate.test.js#L32,,
particle-iot/particle-cli,https://github.com/particle-iot/particle-cli,src/cmd/cloud.test.js,https://github.com/particle-iot/particle-cli/blob/a31621b7510560e0c7a4da04faf8a907474271c1/src/cmd/cloud.test.js#L261,Stub,261,https://github.com/particle-iot/particle-cli/blob/a31621b7510560e0c7a4da04faf8a907474271c1/src/cmd/cloud.test.js#L261,,
particle-iot/particle-cli,https://github.com/particle-iot/particle-cli,src/cmd/cloud.test.js,https://github.com/particle-iot/particle-cli/blob/a31621b7510560e0c7a4da04faf8a907474271c1/src/cmd/cloud.test.js#L262,Stub,262,https://github.com/particle-iot/particle-cli/blob/a31621b7510560e0c7a4da04faf8a907474271c1/src/cmd/cloud.test.js#L262,,
particle-iot/particle-cli,https://github.com/particle-iot/particle-cli,src/cmd/cloud.test.js,https://github.com/particle-iot/particle-cli/blob/a31621b7510560e0c7a4da04faf8a907474271c1/src/cmd/cloud.test.js#L241,spy,241,https://github.com/particle-iot/particle-cli/blob/a31621b7510560e0c7a4da04faf8a907474271c1/src/cmd/cloud.test.js#L241,,
particle-iot/particle-cli,https://github.com/particle-iot/particle-cli,src/cmd/cloud.test.js,https://github.com/particle-iot/particle-cli/blob/a31621b7510560e0c7a4da04faf8a907474271c1/src/cmd/cloud.test.js#L242,spy,242,https://github.com/particle-iot/particle-cli/blob/a31621b7510560e0c7a4da04faf8a907474271c1/src/cmd/cloud.test.js#L242,,
particle-iot/particle-cli,https://github.com/particle-iot/particle-cli,src/cmd/cloud.test.js,https://github.com/particle-iot/particle-cli/blob/a31621b7510560e0c7a4da04faf8a907474271c1/src/cmd/cloud.test.js#L243,Stub,243,https://github.com/particle-iot/particle-cli/blob/a31621b7510560e0c7a4da04faf8a907474271c1/src/cmd/cloud.test.js#L243,,
particle-iot/particle-cli,https://github.com/particle-iot/particle-cli,src/cmd/cloud.test.js,https://github.com/particle-iot/particle-cli/blob/a31621b7510560e0c7a4da04faf8a907474271c1/src/cmd/cloud.test.js#L244,Stub,244,https://github.com/particle-iot/particle-cli/blob/a31621b7510560e0c7a4da04faf8a907474271c1/src/cmd/cloud.test.js#L244,,
particle-iot/particle-cli,https://github.com/particle-iot/particle-cli,src/cmd/cloud.test.js,https://github.com/particle-iot/particle-cli/blob/a31621b7510560e0c7a4da04faf8a907474271c1/src/cmd/cloud.test.js#L245,Stub,245,https://github.com/particle-iot/particle-cli/blob/a31621b7510560e0c7a4da04faf8a907474271c1/src/cmd/cloud.test.js#L245,,
particle-iot/particle-cli,https://github.com/particle-iot/particle-cli,src/cmd/cloud.test.js,https://github.com/particle-iot/particle-cli/blob/a31621b7510560e0c7a4da04faf8a907474271c1/src/cmd/cloud.test.js#L246,Stub,246,https://github.com/particle-iot/particle-cli/blob/a31621b7510560e0c7a4da04faf8a907474271c1/src/cmd/cloud.test.js#L246,,
particle-iot/particle-cli,https://github.com/particle-iot/particle-cli,src/cmd/cloud.test.js,https://github.com/particle-iot/particle-cli/blob/a31621b7510560e0c7a4da04faf8a907474271c1/src/cmd/cloud.test.js#L247,Stub,247,https://github.com/particle-iot/particle-cli/blob/a31621b7510560e0c7a4da04faf8a907474271c1/src/cmd/cloud.test.js#L247,,
particle-iot/particle-cli,https://github.com/particle-iot/particle-cli,src/cmd/cloud.test.js,https://github.com/particle-iot/particle-cli/blob/a31621b7510560e0c7a4da04faf8a907474271c1/src/cmd/cloud.test.js#L248,Stub,248,https://github.com/particle-iot/particle-cli/blob/a31621b7510560e0c7a4da04faf8a907474271c1/src/cmd/cloud.test.js#L248,,
particle-iot/particle-cli,https://github.com/particle-iot/particle-cli,src/cmd/cloud.test.js,https://github.com/particle-iot/particle-cli/blob/a31621b7510560e0c7a4da04faf8a907474271c1/src/cmd/cloud.test.js#L249,Stub,249,https://github.com/particle-iot/particle-cli/blob/a31621b7510560e0c7a4da04faf8a907474271c1/src/cmd/cloud.test.js#L249,,
particle-iot/particle-cli,https://github.com/particle-iot/particle-cli,src/cmd/flash.test.js,https://github.com/particle-iot/particle-cli/blob/a31621b7510560e0c7a4da04faf8a907474271c1/src/cmd/flash.test.js#L128,Stub,128,https://github.com/particle-iot/particle-cli/blob/a31621b7510560e0c7a4da04faf8a907474271c1/src/cmd/flash.test.js#L128,,
particle-iot/particle-cli,https://github.com/particle-iot/particle-cli,src/cmd/flash.test.js,https://github.com/particle-iot/particle-cli/blob/a31621b7510560e0c7a4da04faf8a907474271c1/src/cmd/flash.test.js#L138,Stub,138,https://github.com/particle-iot/particle-cli/blob/a31621b7510560e0c7a4da04faf8a907474271c1/src/cmd/flash.test.js#L138,,
particle-iot/particle-cli,https://github.com/particle-iot/particle-cli,src/cmd/flash.test.js,https://github.com/particle-iot/particle-cli/blob/a31621b7510560e0c7a4da04faf8a907474271c1/src/cmd/flash.test.js#L192,Stub,192,https://github.com/particle-iot/particle-cli/blob/a31621b7510560e0c7a4da04faf8a907474271c1/src/cmd/flash.test.js#L192,,
particle-iot/particle-cli,https://github.com/particle-iot/particle-cli,src/cmd/flash.test.js,https://github.com/particle-iot/particle-cli/blob/a31621b7510560e0c7a4da04faf8a907474271c1/src/cmd/flash.test.js#L240,Stub,240,https://github.com/particle-iot/particle-cli/blob/a31621b7510560e0c7a4da04faf8a907474271c1/src/cmd/flash.test.js#L240,,
particle-iot/particle-cli,https://github.com/particle-iot/particle-cli,src/cmd/flash.test.js,https://github.com/particle-iot/particle-cli/blob/a31621b7510560e0c7a4da04faf8a907474271c1/src/cmd/flash.test.js#L258,Stub,258,https://github.com/particle-iot/particle-cli/blob/a31621b7510560e0c7a4da04faf8a907474271c1/src/cmd/flash.test.js#L258,,
particle-iot/particle-cli,https://github.com/particle-iot/particle-cli,src/cmd/flash.test.js,https://github.com/particle-iot/particle-cli/blob/a31621b7510560e0c7a4da04faf8a907474271c1/src/cmd/flash.test.js#L322,nock,322,https://github.com/particle-iot/particle-cli/blob/a31621b7510560e0c7a4da04faf8a907474271c1/src/cmd/flash.test.js#L322,,
particle-iot/particle-cli,https://github.com/particle-iot/particle-cli,src/cmd/flash.test.js,https://github.com/particle-iot/particle-cli/blob/a31621b7510560e0c7a4da04faf8a907474271c1/src/cmd/flash.test.js#L338,nock,338,https://github.com/particle-iot/particle-cli/blob/a31621b7510560e0c7a4da04faf8a907474271c1/src/cmd/flash.test.js#L338,,
particle-iot/particle-cli,https://github.com/particle-iot/particle-cli,src/cmd/flash.test.js,https://github.com/particle-iot/particle-cli/blob/a31621b7510560e0c7a4da04faf8a907474271c1/src/cmd/flash.test.js#L356,nock,356,https://github.com/particle-iot/particle-cli/blob/a31621b7510560e0c7a4da04faf8a907474271c1/src/cmd/flash.test.js#L356,,
particle-iot/particle-cli,https://github.com/particle-iot/particle-cli,src/cmd/flash.test.js,https://github.com/particle-iot/particle-cli/blob/a31621b7510560e0c7a4da04faf8a907474271c1/src/cmd/flash.test.js#L361,Stub,361,https://github.com/particle-iot/particle-cli/blob/a31621b7510560e0c7a4da04faf8a907474271c1/src/cmd/flash.test.js#L361,,
particle-iot/particle-cli,https://github.com/particle-iot/particle-cli,src/cmd/flash.test.js,https://github.com/particle-iot/particle-cli/blob/a31621b7510560e0c7a4da04faf8a907474271c1/src/cmd/flash.test.js#L380,nock,380,https://github.com/particle-iot/particle-cli/blob/a31621b7510560e0c7a4da04faf8a907474271c1/src/cmd/flash.test.js#L380,,
particle-iot/particle-cli,https://github.com/particle-iot/particle-cli,src/cmd/flash.test.js,https://github.com/particle-iot/particle-cli/blob/a31621b7510560e0c7a4da04faf8a907474271c1/src/cmd/flash.test.js#L385,Stub,385,https://github.com/particle-iot/particle-cli/blob/a31621b7510560e0c7a4da04faf8a907474271c1/src/cmd/flash.test.js#L385,,
particle-iot/particle-cli,https://github.com/particle-iot/particle-cli,src/cmd/function.test.js,https://github.com/particle-iot/particle-cli/blob/a31621b7510560e0c7a4da04faf8a907474271c1/src/cmd/function.test.js#L14,Stub,14,https://github.com/particle-iot/particle-cli/blob/a31621b7510560e0c7a4da04faf8a907474271c1/src/cmd/function.test.js#L14,,
particle-iot/particle-cli,https://github.com/particle-iot/particle-cli,src/cmd/function.test.js,https://github.com/particle-iot/particle-cli/blob/a31621b7510560e0c7a4da04faf8a907474271c1/src/cmd/function.test.js#L42,Stub,42,https://github.com/particle-iot/particle-cli/blob/a31621b7510560e0c7a4da04faf8a907474271c1/src/cmd/function.test.js#L42,,
particle-iot/particle-cli,https://github.com/particle-iot/particle-cli,src/cmd/keys.test.js,https://github.com/particle-iot/particle-cli/blob/a31621b7510560e0c7a4da04faf8a907474271c1/src/cmd/keys.test.js#L25,Stub,25,https://github.com/particle-iot/particle-cli/blob/a31621b7510560e0c7a4da04faf8a907474271c1/src/cmd/keys.test.js#L25,,
particle-iot/particle-cli,https://github.com/particle-iot/particle-cli,src/cmd/keys.test.js,https://github.com/particle-iot/particle-cli/blob/a31621b7510560e0c7a4da04faf8a907474271c1/src/cmd/keys.test.js#L34,Stub,34,https://github.com/particle-iot/particle-cli/blob/a31621b7510560e0c7a4da04faf8a907474271c1/src/cmd/keys.test.js#L34,,
particle-iot/particle-cli,https://github.com/particle-iot/particle-cli,src/cmd/keys.test.js,https://github.com/particle-iot/particle-cli/blob/a31621b7510560e0c7a4da04faf8a907474271c1/src/cmd/keys.test.js#L35,Stub,35,https://github.com/particle-iot/particle-cli/blob/a31621b7510560e0c7a4da04faf8a907474271c1/src/cmd/keys.test.js#L35,,
particle-iot/particle-cli,https://github.com/particle-iot/particle-cli,src/cmd/keys.test.js,https://github.com/particle-iot/particle-cli/blob/a31621b7510560e0c7a4da04faf8a907474271c1/src/cmd/keys.test.js#L36,Stub,36,https://github.com/particle-iot/particle-cli/blob/a31621b7510560e0c7a4da04faf8a907474271c1/src/cmd/keys.test.js#L36,,
particle-iot/particle-cli,https://github.com/particle-iot/particle-cli,src/cmd/keys.test.js,https://github.com/particle-iot/particle-cli/blob/a31621b7510560e0c7a4da04faf8a907474271c1/src/cmd/keys.test.js#L39,Stub,39,https://github.com/particle-iot/particle-cli/blob/a31621b7510560e0c7a4da04faf8a907474271c1/src/cmd/keys.test.js#L39,,
particle-iot/particle-cli,https://github.com/particle-iot/particle-cli,src/cmd/keys.test.js,https://github.com/particle-iot/particle-cli/blob/a31621b7510560e0c7a4da04faf8a907474271c1/src/cmd/keys.test.js#L40,Stub,40,https://github.com/particle-iot/particle-cli/blob/a31621b7510560e0c7a4da04faf8a907474271c1/src/cmd/keys.test.js#L40,,
particle-iot/particle-cli,https://github.com/particle-iot/particle-cli,src/cmd/keys.test.js,https://github.com/particle-iot/particle-cli/blob/a31621b7510560e0c7a4da04faf8a907474271c1/src/cmd/keys.test.js#L47,Stub,47,https://github.com/particle-iot/particle-cli/blob/a31621b7510560e0c7a4da04faf8a907474271c1/src/cmd/keys.test.js#L47,,
particle-iot/particle-cli,https://github.com/particle-iot/particle-cli,src/cmd/preprocess.test.js,https://github.com/particle-iot/particle-cli/blob/a31621b7510560e0c7a4da04faf8a907474271c1/src/cmd/preprocess.test.js#L67,mock,67,https://github.com/particle-iot/particle-cli/blob/a31621b7510560e0c7a4da04faf8a907474271c1/src/cmd/preprocess.test.js#L67,,
particle-iot/particle-cli,https://github.com/particle-iot/particle-cli,src/cmd/preprocess.test.js,https://github.com/particle-iot/particle-cli/blob/a31621b7510560e0c7a4da04faf8a907474271c1/src/cmd/preprocess.test.js#L79,mock,79,https://github.com/particle-iot/particle-cli/blob/a31621b7510560e0c7a4da04faf8a907474271c1/src/cmd/preprocess.test.js#L79,,
particle-iot/particle-cli,https://github.com/particle-iot/particle-cli,src/cmd/preprocess.test.js,https://github.com/particle-iot/particle-cli/blob/a31621b7510560e0c7a4da04faf8a907474271c1/src/cmd/preprocess.test.js#L92,mock,92,https://github.com/particle-iot/particle-cli/blob/a31621b7510560e0c7a4da04faf8a907474271c1/src/cmd/preprocess.test.js#L92,,
particle-iot/particle-cli,https://github.com/particle-iot/particle-cli,src/cmd/serial.test.js,https://github.com/particle-iot/particle-cli/blob/a31621b7510560e0c7a4da04faf8a907474271c1/src/cmd/serial.test.js#L68,useFakeTimers,68,https://github.com/particle-iot/particle-cli/blob/a31621b7510560e0c7a4da04faf8a907474271c1/src/cmd/serial.test.js#L68,,
particle-iot/particle-cli,https://github.com/particle-iot/particle-cli,test/lib/mocha-utils.js,https://github.com/particle-iot/particle-cli/blob/a31621b7510560e0c7a4da04faf8a907474271c1/test/lib/mocha-utils.js#L31,Stub,31,https://github.com/particle-iot/particle-cli/blob/a31621b7510560e0c7a4da04faf8a907474271c1/test/lib/mocha-utils.js#L31,,
particle-iot/particle-cli,https://github.com/particle-iot/particle-cli,test/lib/mocha-utils.js,https://github.com/particle-iot/particle-cli/blob/a31621b7510560e0c7a4da04faf8a907474271c1/test/lib/mocha-utils.js#L34,Stub,34,https://github.com/particle-iot/particle-cli/blob/a31621b7510560e0c7a4da04faf8a907474271c1/test/lib/mocha-utils.js#L34,,
particle-iot/particle-cli,https://github.com/particle-iot/particle-cli,test/lib/mocha-utils.js,https://github.com/particle-iot/particle-cli/blob/a31621b7510560e0c7a4da04faf8a907474271c1/test/lib/mocha-utils.js#L37,Stub,37,https://github.com/particle-iot/particle-cli/blob/a31621b7510560e0c7a4da04faf8a907474271c1/test/lib/mocha-utils.js#L37,,
particle-iot/particle-cli,https://github.com/particle-iot/particle-cli,test/lib/mocha-utils.js,https://github.com/particle-iot/particle-cli/blob/a31621b7510560e0c7a4da04faf8a907474271c1/test/lib/mocha-utils.js#L40,Stub,40,https://github.com/particle-iot/particle-cli/blob/a31621b7510560e0c7a4da04faf8a907474271c1/test/lib/mocha-utils.js#L40,,
particle-iot/particle-cli,https://github.com/particle-iot/particle-cli,src/cmd/variable.test.js,https://github.com/particle-iot/particle-cli/blob/a31621b7510560e0c7a4da04faf8a907474271c1/src/cmd/variable.test.js#L21,Stub,21,https://github.com/particle-iot/particle-cli/blob/a31621b7510560e0c7a4da04faf8a907474271c1/src/cmd/variable.test.js#L21,,
particle-iot/particle-cli,https://github.com/particle-iot/particle-cli,src/cmd/variable.test.js,https://github.com/particle-iot/particle-cli/blob/a31621b7510560e0c7a4da04faf8a907474271c1/src/cmd/variable.test.js#L45,Stub,45,https://github.com/particle-iot/particle-cli/blob/a31621b7510560e0c7a4da04faf8a907474271c1/src/cmd/variable.test.js#L45,,
particle-iot/particle-cli,https://github.com/particle-iot/particle-cli,src/cmd/variable.test.js,https://github.com/particle-iot/particle-cli/blob/a31621b7510560e0c7a4da04faf8a907474271c1/src/cmd/variable.test.js#L46,Stub,46,https://github.com/particle-iot/particle-cli/blob/a31621b7510560e0c7a4da04faf8a907474271c1/src/cmd/variable.test.js#L46,,
particle-iot/particle-cli,https://github.com/particle-iot/particle-cli,src/cmd/variable.test.js,https://github.com/particle-iot/particle-cli/blob/a31621b7510560e0c7a4da04faf8a907474271c1/src/cmd/variable.test.js#L72,Stub,72,https://github.com/particle-iot/particle-cli/blob/a31621b7510560e0c7a4da04faf8a907474271c1/src/cmd/variable.test.js#L72,,
particle-iot/particle-cli,https://github.com/particle-iot/particle-cli,src/cmd/variable.test.js,https://github.com/particle-iot/particle-cli/blob/a31621b7510560e0c7a4da04faf8a907474271c1/src/cmd/variable.test.js#L73,Stub,73,https://github.com/particle-iot/particle-cli/blob/a31621b7510560e0c7a4da04faf8a907474271c1/src/cmd/variable.test.js#L73,,
particle-iot/particle-cli,https://github.com/particle-iot/particle-cli,src/cmd/whoami.test.js,https://github.com/particle-iot/particle-cli/blob/a31621b7510560e0c7a4da04faf8a907474271c1/src/cmd/whoami.test.js#L122,Stub,122,https://github.com/particle-iot/particle-cli/blob/a31621b7510560e0c7a4da04faf8a907474271c1/src/cmd/whoami.test.js#L122,,
particle-iot/particle-cli,https://github.com/particle-iot/particle-cli,src/cmd/whoami.test.js,https://github.com/particle-iot/particle-cli/blob/a31621b7510560e0c7a4da04faf8a907474271c1/src/cmd/whoami.test.js#L123,Stub,123,https://github.com/particle-iot/particle-cli/blob/a31621b7510560e0c7a4da04faf8a907474271c1/src/cmd/whoami.test.js#L123,,
particle-iot/particle-cli,https://github.com/particle-iot/particle-cli,src/cmd/whoami.test.js,https://github.com/particle-iot/particle-cli/blob/a31621b7510560e0c7a4da04faf8a907474271c1/src/cmd/whoami.test.js#L124,Stub,124,https://github.com/particle-iot/particle-cli/blob/a31621b7510560e0c7a4da04faf8a907474271c1/src/cmd/whoami.test.js#L124,,
particle-iot/particle-cli,https://github.com/particle-iot/particle-cli,src/cmd/whoami.test.js,https://github.com/particle-iot/particle-cli/blob/a31621b7510560e0c7a4da04faf8a907474271c1/src/cmd/whoami.test.js#L125,Stub,125,https://github.com/particle-iot/particle-cli/blob/a31621b7510560e0c7a4da04faf8a907474271c1/src/cmd/whoami.test.js#L125,,
particle-iot/particle-cli,https://github.com/particle-iot/particle-cli,src/cmd/whoami.test.js,https://github.com/particle-iot/particle-cli/blob/a31621b7510560e0c7a4da04faf8a907474271c1/src/cmd/whoami.test.js#L126,Stub,126,https://github.com/particle-iot/particle-cli/blob/a31621b7510560e0c7a4da04faf8a907474271c1/src/cmd/whoami.test.js#L126,,
particle-iot/particle-cli,https://github.com/particle-iot/particle-cli,src/lib/api-cache.test.js,https://github.com/particle-iot/particle-cli/blob/a31621b7510560e0c7a4da04faf8a907474271c1/src/lib/api-cache.test.js#L8,Stub,8,https://github.com/particle-iot/particle-cli/blob/a31621b7510560e0c7a4da04faf8a907474271c1/src/lib/api-cache.test.js#L8,,
particle-iot/particle-cli,https://github.com/particle-iot/particle-cli,src/lib/api-cache.test.js,https://github.com/particle-iot/particle-cli/blob/a31621b7510560e0c7a4da04faf8a907474271c1/src/lib/api-cache.test.js#L9,Stub,9,https://github.com/particle-iot/particle-cli/blob/a31621b7510560e0c7a4da04faf8a907474271c1/src/lib/api-cache.test.js#L9,,
particle-iot/particle-cli,https://github.com/particle-iot/particle-cli,src/lib/api-cache.test.js,https://github.com/particle-iot/particle-cli/blob/a31621b7510560e0c7a4da04faf8a907474271c1/src/lib/api-cache.test.js#L19,Stub,19,https://github.com/particle-iot/particle-cli/blob/a31621b7510560e0c7a4da04faf8a907474271c1/src/lib/api-cache.test.js#L19,,
particle-iot/particle-cli,https://github.com/particle-iot/particle-cli,src/lib/api-cache.test.js,https://github.com/particle-iot/particle-cli/blob/a31621b7510560e0c7a4da04faf8a907474271c1/src/lib/api-cache.test.js#L32,Stub,32,https://github.com/particle-iot/particle-cli/blob/a31621b7510560e0c7a4da04faf8a907474271c1/src/lib/api-cache.test.js#L32,,
particle-iot/particle-cli,https://github.com/particle-iot/particle-cli,src/lib/api-cache.test.js,https://github.com/particle-iot/particle-cli/blob/a31621b7510560e0c7a4da04faf8a907474271c1/src/lib/api-cache.test.js#L50,Stub,50,https://github.com/particle-iot/particle-cli/blob/a31621b7510560e0c7a4da04faf8a907474271c1/src/lib/api-cache.test.js#L50,,
particle-iot/particle-cli,https://github.com/particle-iot/particle-cli,src/lib/api-cache.test.js,https://github.com/particle-iot/particle-cli/blob/a31621b7510560e0c7a4da04faf8a907474271c1/src/lib/api-cache.test.js#L63,Stub,63,https://github.com/particle-iot/particle-cli/blob/a31621b7510560e0c7a4da04faf8a907474271c1/src/lib/api-cache.test.js#L63,,
particle-iot/particle-cli,https://github.com/particle-iot/particle-cli,src/lib/connect/executor.test.js,https://github.com/particle-iot/particle-cli/blob/a31621b7510560e0c7a4da04faf8a907474271c1/src/lib/connect/executor.test.js#L18,Stub,18,https://github.com/particle-iot/particle-cli/blob/a31621b7510560e0c7a4da04faf8a907474271c1/src/lib/connect/executor.test.js#L18,,
particle-iot/particle-cli,https://github.com/particle-iot/particle-cli,src/lib/connect/windows.test.js,https://github.com/particle-iot/particle-cli/blob/a31621b7510560e0c7a4da04faf8a907474271c1/src/lib/connect/windows.test.js#L13,Stub,13,https://github.com/particle-iot/particle-cli/blob/a31621b7510560e0c7a4da04faf8a907474271c1/src/lib/connect/windows.test.js#L13,,
particle-iot/particle-cli,https://github.com/particle-iot/particle-cli,src/lib/connect/windows.test.js,https://github.com/particle-iot/particle-cli/blob/a31621b7510560e0c7a4da04faf8a907474271c1/src/lib/connect/windows.test.js#L14,spy,14,https://github.com/particle-iot/particle-cli/blob/a31621b7510560e0c7a4da04faf8a907474271c1/src/lib/connect/windows.test.js#L14,,
particle-iot/particle-cli,https://github.com/particle-iot/particle-cli,src/lib/connect/windows.test.js,https://github.com/particle-iot/particle-cli/blob/a31621b7510560e0c7a4da04faf8a907474271c1/src/lib/connect/windows.test.js#L15,Stub,15,https://github.com/particle-iot/particle-cli/blob/a31621b7510560e0c7a4da04faf8a907474271c1/src/lib/connect/windows.test.js#L15,,
particle-iot/particle-cli,https://github.com/particle-iot/particle-cli,src/lib/connect/windows.test.js,https://github.com/particle-iot/particle-cli/blob/a31621b7510560e0c7a4da04faf8a907474271c1/src/lib/connect/windows.test.js#L243,spy,243,https://github.com/particle-iot/particle-cli/blob/a31621b7510560e0c7a4da04faf8a907474271c1/src/lib/connect/windows.test.js#L243,,
particle-iot/particle-cli,https://github.com/particle-iot/particle-cli,src/lib/connect/windows.test.js,https://github.com/particle-iot/particle-cli/blob/a31621b7510560e0c7a4da04faf8a907474271c1/src/lib/connect/windows.test.js#L253,Stub,253,https://github.com/particle-iot/particle-cli/blob/a31621b7510560e0c7a4da04faf8a907474271c1/src/lib/connect/windows.test.js#L253,,
particle-iot/particle-cli,https://github.com/particle-iot/particle-cli,src/lib/connect/windows.test.js,https://github.com/particle-iot/particle-cli/blob/a31621b7510560e0c7a4da04faf8a907474271c1/src/lib/connect/windows.test.js#L307,Stub,307,https://github.com/particle-iot/particle-cli/blob/a31621b7510560e0c7a4da04faf8a907474271c1/src/lib/connect/windows.test.js#L307,,
particle-iot/particle-cli,https://github.com/particle-iot/particle-cli,src/lib/connect/windows.test.js,https://github.com/particle-iot/particle-cli/blob/a31621b7510560e0c7a4da04faf8a907474271c1/src/lib/connect/windows.test.js#L308,Stub,308,https://github.com/particle-iot/particle-cli/blob/a31621b7510560e0c7a4da04faf8a907474271c1/src/lib/connect/windows.test.js#L308,,
particle-iot/particle-cli,https://github.com/particle-iot/particle-cli,src/lib/connect/windows.test.js,https://github.com/particle-iot/particle-cli/blob/a31621b7510560e0c7a4da04faf8a907474271c1/src/lib/connect/windows.test.js#L309,Stub,309,https://github.com/particle-iot/particle-cli/blob/a31621b7510560e0c7a4da04faf8a907474271c1/src/lib/connect/windows.test.js#L309,,
particle-iot/particle-cli,https://github.com/particle-iot/particle-cli,src/lib/connect/windows.test.js,https://github.com/particle-iot/particle-cli/blob/a31621b7510560e0c7a4da04faf8a907474271c1/src/lib/connect/windows.test.js#L310,Stub,310,https://github.com/particle-iot/particle-cli/blob/a31621b7510560e0c7a4da04faf8a907474271c1/src/lib/connect/windows.test.js#L310,,
particle-iot/particle-cli,https://github.com/particle-iot/particle-cli,src/lib/connect/windows.test.js,https://github.com/particle-iot/particle-cli/blob/a31621b7510560e0c7a4da04faf8a907474271c1/src/lib/connect/windows.test.js#L311,Stub,311,https://github.com/particle-iot/particle-cli/blob/a31621b7510560e0c7a4da04faf8a907474271c1/src/lib/connect/windows.test.js#L311,,
particle-iot/particle-cli,https://github.com/particle-iot/particle-cli,src/lib/connect/windows.test.js,https://github.com/particle-iot/particle-cli/blob/a31621b7510560e0c7a4da04faf8a907474271c1/src/lib/connect/windows.test.js#L312,Stub,312,https://github.com/particle-iot/particle-cli/blob/a31621b7510560e0c7a4da04faf8a907474271c1/src/lib/connect/windows.test.js#L312,,
particle-iot/particle-cli,https://github.com/particle-iot/particle-cli,src/lib/connect/windows.test.js,https://github.com/particle-iot/particle-cli/blob/a31621b7510560e0c7a4da04faf8a907474271c1/src/lib/connect/windows.test.js#L313,Stub,313,https://github.com/particle-iot/particle-cli/blob/a31621b7510560e0c7a4da04faf8a907474271c1/src/lib/connect/windows.test.js#L313,,
particle-iot/particle-cli,https://github.com/particle-iot/particle-cli,src/lib/connect/windows.test.js,https://github.com/particle-iot/particle-cli/blob/a31621b7510560e0c7a4da04faf8a907474271c1/src/lib/connect/windows.test.js#L354,Stub,354,https://github.com/particle-iot/particle-cli/blob/a31621b7510560e0c7a4da04faf8a907474271c1/src/lib/connect/windows.test.js#L354,,
particle-iot/particle-cli,https://github.com/particle-iot/particle-cli,src/lib/connect/windows.test.js,https://github.com/particle-iot/particle-cli/blob/a31621b7510560e0c7a4da04faf8a907474271c1/src/lib/connect/windows.test.js#L355,Stub,355,https://github.com/particle-iot/particle-cli/blob/a31621b7510560e0c7a4da04faf8a907474271c1/src/lib/connect/windows.test.js#L355,,
particle-iot/particle-cli,https://github.com/particle-iot/particle-cli,src/lib/connect/windows.test.js,https://github.com/particle-iot/particle-cli/blob/a31621b7510560e0c7a4da04faf8a907474271c1/src/lib/connect/windows.test.js#L376,Stub,376,https://github.com/particle-iot/particle-cli/blob/a31621b7510560e0c7a4da04faf8a907474271c1/src/lib/connect/windows.test.js#L376,,
particle-iot/particle-cli,https://github.com/particle-iot/particle-cli,src/lib/connect/windows.test.js,https://github.com/particle-iot/particle-cli/blob/a31621b7510560e0c7a4da04faf8a907474271c1/src/lib/connect/windows.test.js#L416,Stub,416,https://github.com/particle-iot/particle-cli/blob/a31621b7510560e0c7a4da04faf8a907474271c1/src/lib/connect/windows.test.js#L416,,
particle-iot/particle-cli,https://github.com/particle-iot/particle-cli,src/lib/connect/windows.test.js,https://github.com/particle-iot/particle-cli/blob/a31621b7510560e0c7a4da04faf8a907474271c1/src/lib/connect/windows.test.js#L417,Stub,417,https://github.com/particle-iot/particle-cli/blob/a31621b7510560e0c7a4da04faf8a907474271c1/src/lib/connect/windows.test.js#L417,,
particle-iot/particle-cli,https://github.com/particle-iot/particle-cli,src/lib/connect/windows.test.js,https://github.com/particle-iot/particle-cli/blob/a31621b7510560e0c7a4da04faf8a907474271c1/src/lib/connect/windows.test.js#L418,Stub,418,https://github.com/particle-iot/particle-cli/blob/a31621b7510560e0c7a4da04faf8a907474271c1/src/lib/connect/windows.test.js#L418,,
particle-iot/particle-cli,https://github.com/particle-iot/particle-cli,src/lib/connect/windows.test.js,https://github.com/particle-iot/particle-cli/blob/a31621b7510560e0c7a4da04faf8a907474271c1/src/lib/connect/windows.test.js#L478,Stub,478,https://github.com/particle-iot/particle-cli/blob/a31621b7510560e0c7a4da04faf8a907474271c1/src/lib/connect/windows.test.js#L478,,
particle-iot/particle-cli,https://github.com/particle-iot/particle-cli,src/lib/connect/windows.test.js,https://github.com/particle-iot/particle-cli/blob/a31621b7510560e0c7a4da04faf8a907474271c1/src/lib/connect/windows.test.js#L524,Stub,524,https://github.com/particle-iot/particle-cli/blob/a31621b7510560e0c7a4da04faf8a907474271c1/src/lib/connect/windows.test.js#L524,,
particle-iot/particle-cli,https://github.com/particle-iot/particle-cli,src/lib/connect/windows.test.js,https://github.com/particle-iot/particle-cli/blob/a31621b7510560e0c7a4da04faf8a907474271c1/src/lib/connect/windows.test.js#L528,Stub,528,https://github.com/particle-iot/particle-cli/blob/a31621b7510560e0c7a4da04faf8a907474271c1/src/lib/connect/windows.test.js#L528,,
particle-iot/particle-cli,https://github.com/particle-iot/particle-cli,src/lib/connect/windows.test.js,https://github.com/particle-iot/particle-cli/blob/a31621b7510560e0c7a4da04faf8a907474271c1/src/lib/connect/windows.test.js#L539,Stub,539,https://github.com/particle-iot/particle-cli/blob/a31621b7510560e0c7a4da04faf8a907474271c1/src/lib/connect/windows.test.js#L539,,
particle-iot/particle-cli,https://github.com/particle-iot/particle-cli,src/lib/connect/windows.test.js,https://github.com/particle-iot/particle-cli/blob/a31621b7510560e0c7a4da04faf8a907474271c1/src/lib/connect/windows.test.js#L555,Stub,555,https://github.com/particle-iot/particle-cli/blob/a31621b7510560e0c7a4da04faf8a907474271c1/src/lib/connect/windows.test.js#L555,,
particle-iot/particle-cli,https://github.com/particle-iot/particle-cli,src/lib/connect/windows.test.js,https://github.com/particle-iot/particle-cli/blob/a31621b7510560e0c7a4da04faf8a907474271c1/src/lib/connect/windows.test.js#L559,Stub,559,https://github.com/particle-iot/particle-cli/blob/a31621b7510560e0c7a4da04faf8a907474271c1/src/lib/connect/windows.test.js#L559,,
particle-iot/particle-cli,https://github.com/particle-iot/particle-cli,src/lib/connect/windows.test.js,https://github.com/particle-iot/particle-cli/blob/a31621b7510560e0c7a4da04faf8a907474271c1/src/lib/connect/windows.test.js#L571,Stub,571,https://github.com/particle-iot/particle-cli/blob/a31621b7510560e0c7a4da04faf8a907474271c1/src/lib/connect/windows.test.js#L571,,
particle-iot/particle-cli,https://github.com/particle-iot/particle-cli,src/lib/connect/windows.test.js,https://github.com/particle-iot/particle-cli/blob/a31621b7510560e0c7a4da04faf8a907474271c1/src/lib/connect/windows.test.js#L585,Stub,585,https://github.com/particle-iot/particle-cli/blob/a31621b7510560e0c7a4da04faf8a907474271c1/src/lib/connect/windows.test.js#L585,,
particle-iot/particle-cli,https://github.com/particle-iot/particle-cli,src/lib/connect/windows.test.js,https://github.com/particle-iot/particle-cli/blob/a31621b7510560e0c7a4da04faf8a907474271c1/src/lib/connect/windows.test.js#L586,Stub,586,https://github.com/particle-iot/particle-cli/blob/a31621b7510560e0c7a4da04faf8a907474271c1/src/lib/connect/windows.test.js#L586,,
particle-iot/particle-cli,https://github.com/particle-iot/particle-cli,src/lib/connect/windows.test.js,https://github.com/particle-iot/particle-cli/blob/a31621b7510560e0c7a4da04faf8a907474271c1/src/lib/connect/windows.test.js#L599,Stub,599,https://github.com/particle-iot/particle-cli/blob/a31621b7510560e0c7a4da04faf8a907474271c1/src/lib/connect/windows.test.js#L599,,
particle-iot/particle-cli,https://github.com/particle-iot/particle-cli,src/lib/connect/windows.test.js,https://github.com/particle-iot/particle-cli/blob/a31621b7510560e0c7a4da04faf8a907474271c1/src/lib/connect/windows.test.js#L600,Stub,600,https://github.com/particle-iot/particle-cli/blob/a31621b7510560e0c7a4da04faf8a907474271c1/src/lib/connect/windows.test.js#L600,,
particle-iot/particle-cli,https://github.com/particle-iot/particle-cli,src/lib/connect/windows.test.js,https://github.com/particle-iot/particle-cli/blob/a31621b7510560e0c7a4da04faf8a907474271c1/src/lib/connect/windows.test.js#L604,spy,604,https://github.com/particle-iot/particle-cli/blob/a31621b7510560e0c7a4da04faf8a907474271c1/src/lib/connect/windows.test.js#L604,,
particle-iot/particle-cli,https://github.com/particle-iot/particle-cli,src/lib/device-os-version-util.test.js,https://github.com/particle-iot/particle-cli/blob/a31621b7510560e0c7a4da04faf8a907474271c1/src/lib/device-os-version-util.test.js#L34,Stub,34,https://github.com/particle-iot/particle-cli/blob/a31621b7510560e0c7a4da04faf8a907474271c1/src/lib/device-os-version-util.test.js#L34,,
particle-iot/particle-cli,https://github.com/particle-iot/particle-cli,src/lib/device-os-version-util.test.js,https://github.com/particle-iot/particle-cli/blob/a31621b7510560e0c7a4da04faf8a907474271c1/src/lib/device-os-version-util.test.js#L43,nock,43,https://github.com/particle-iot/particle-cli/blob/a31621b7510560e0c7a4da04faf8a907474271c1/src/lib/device-os-version-util.test.js#L43,,
particle-iot/particle-cli,https://github.com/particle-iot/particle-cli,src/lib/device-os-version-util.test.js,https://github.com/particle-iot/particle-cli/blob/a31621b7510560e0c7a4da04faf8a907474271c1/src/lib/device-os-version-util.test.js#L47,nock,47,https://github.com/particle-iot/particle-cli/blob/a31621b7510560e0c7a4da04faf8a907474271c1/src/lib/device-os-version-util.test.js#L47,,
particle-iot/particle-cli,https://github.com/particle-iot/particle-cli,src/lib/device-os-version-util.test.js,https://github.com/particle-iot/particle-cli/blob/a31621b7510560e0c7a4da04faf8a907474271c1/src/lib/device-os-version-util.test.js#L63,Stub,63,https://github.com/particle-iot/particle-cli/blob/a31621b7510560e0c7a4da04faf8a907474271c1/src/lib/device-os-version-util.test.js#L63,,
particle-iot/particle-cli,https://github.com/particle-iot/particle-cli,src/lib/device-os-version-util.test.js,https://github.com/particle-iot/particle-cli/blob/a31621b7510560e0c7a4da04faf8a907474271c1/src/lib/device-os-version-util.test.js#L72,nock,72,https://github.com/particle-iot/particle-cli/blob/a31621b7510560e0c7a4da04faf8a907474271c1/src/lib/device-os-version-util.test.js#L72,,
particle-iot/particle-cli,https://github.com/particle-iot/particle-cli,src/lib/device-os-version-util.test.js,https://github.com/particle-iot/particle-cli/blob/a31621b7510560e0c7a4da04faf8a907474271c1/src/lib/device-os-version-util.test.js#L76,nock,76,https://github.com/particle-iot/particle-cli/blob/a31621b7510560e0c7a4da04faf8a907474271c1/src/lib/device-os-version-util.test.js#L76,,
particle-iot/particle-cli,https://github.com/particle-iot/particle-cli,src/lib/device-os-version-util.test.js,https://github.com/particle-iot/particle-cli/blob/a31621b7510560e0c7a4da04faf8a907474271c1/src/lib/device-os-version-util.test.js#L93,Stub,93,https://github.com/particle-iot/particle-cli/blob/a31621b7510560e0c7a4da04faf8a907474271c1/src/lib/device-os-version-util.test.js#L93,,
particle-iot/particle-cli,https://github.com/particle-iot/particle-cli,src/lib/flash-helper.test.js,https://github.com/particle-iot/particle-cli/blob/a31621b7510560e0c7a4da04faf8a907474271c1/src/lib/flash-helper.test.js#L399,Stub,399,https://github.com/particle-iot/particle-cli/blob/a31621b7510560e0c7a4da04faf8a907474271c1/src/lib/flash-helper.test.js#L399,,
particle-iot/particle-cli,https://github.com/particle-iot/particle-cli,src/lib/flash-helper.test.js,https://github.com/particle-iot/particle-cli/blob/a31621b7510560e0c7a4da04faf8a907474271c1/src/lib/flash-helper.test.js#L400,Stub,400,https://github.com/particle-iot/particle-cli/blob/a31621b7510560e0c7a4da04faf8a907474271c1/src/lib/flash-helper.test.js#L400,,
particle-iot/particle-cli,https://github.com/particle-iot/particle-cli,src/lib/flash-helper.test.js,https://github.com/particle-iot/particle-cli/blob/a31621b7510560e0c7a4da04faf8a907474271c1/src/lib/flash-helper.test.js#L401,Stub,401,https://github.com/particle-iot/particle-cli/blob/a31621b7510560e0c7a4da04faf8a907474271c1/src/lib/flash-helper.test.js#L401,,
particle-iot/particle-cli,https://github.com/particle-iot/particle-cli,src/lib/flash-helper.test.js,https://github.com/particle-iot/particle-cli/blob/a31621b7510560e0c7a4da04faf8a907474271c1/src/lib/flash-helper.test.js#L411,Stub,411,https://github.com/particle-iot/particle-cli/blob/a31621b7510560e0c7a4da04faf8a907474271c1/src/lib/flash-helper.test.js#L411,,
particle-iot/particle-cli,https://github.com/particle-iot/particle-cli,src/lib/flash-helper.test.js,https://github.com/particle-iot/particle-cli/blob/a31621b7510560e0c7a4da04faf8a907474271c1/src/lib/flash-helper.test.js#L412,Stub,412,https://github.com/particle-iot/particle-cli/blob/a31621b7510560e0c7a4da04faf8a907474271c1/src/lib/flash-helper.test.js#L412,,
particle-iot/particle-cli,https://github.com/particle-iot/particle-cli,src/lib/flash-helper.test.js,https://github.com/particle-iot/particle-cli/blob/a31621b7510560e0c7a4da04faf8a907474271c1/src/lib/flash-helper.test.js#L426,Stub,426,https://github.com/particle-iot/particle-cli/blob/a31621b7510560e0c7a4da04faf8a907474271c1/src/lib/flash-helper.test.js#L426,,
particle-iot/particle-cli,https://github.com/particle-iot/particle-cli,src/lib/flash-helper.test.js,https://github.com/particle-iot/particle-cli/blob/a31621b7510560e0c7a4da04faf8a907474271c1/src/lib/flash-helper.test.js#L427,Stub,427,https://github.com/particle-iot/particle-cli/blob/a31621b7510560e0c7a4da04faf8a907474271c1/src/lib/flash-helper.test.js#L427,,
particle-iot/particle-cli,https://github.com/particle-iot/particle-cli,src/lib/flash-helper.test.js,https://github.com/particle-iot/particle-cli/blob/a31621b7510560e0c7a4da04faf8a907474271c1/src/lib/flash-helper.test.js#L441,Stub,441,https://github.com/particle-iot/particle-cli/blob/a31621b7510560e0c7a4da04faf8a907474271c1/src/lib/flash-helper.test.js#L441,,
particle-iot/particle-cli,https://github.com/particle-iot/particle-cli,src/lib/flash-helper.test.js,https://github.com/particle-iot/particle-cli/blob/a31621b7510560e0c7a4da04faf8a907474271c1/src/lib/flash-helper.test.js#L442,Stub,442,https://github.com/particle-iot/particle-cli/blob/a31621b7510560e0c7a4da04faf8a907474271c1/src/lib/flash-helper.test.js#L442,,
particle-iot/particle-cli,https://github.com/particle-iot/particle-cli,src/lib/flash-helper.test.js,https://github.com/particle-iot/particle-cli/blob/a31621b7510560e0c7a4da04faf8a907474271c1/src/lib/flash-helper.test.js#L456,Stub,456,https://github.com/particle-iot/particle-cli/blob/a31621b7510560e0c7a4da04faf8a907474271c1/src/lib/flash-helper.test.js#L456,,
particle-iot/particle-cli,https://github.com/particle-iot/particle-cli,src/lib/flash-helper.test.js,https://github.com/particle-iot/particle-cli/blob/a31621b7510560e0c7a4da04faf8a907474271c1/src/lib/flash-helper.test.js#L457,Stub,457,https://github.com/particle-iot/particle-cli/blob/a31621b7510560e0c7a4da04faf8a907474271c1/src/lib/flash-helper.test.js#L457,,
particle-iot/particle-cli,https://github.com/particle-iot/particle-cli,src/lib/flash-helper.test.js,https://github.com/particle-iot/particle-cli/blob/a31621b7510560e0c7a4da04faf8a907474271c1/src/lib/flash-helper.test.js#L471,Stub,471,https://github.com/particle-iot/particle-cli/blob/a31621b7510560e0c7a4da04faf8a907474271c1/src/lib/flash-helper.test.js#L471,,
particle-iot/particle-cli,https://github.com/particle-iot/particle-cli,src/lib/flash-helper.test.js,https://github.com/particle-iot/particle-cli/blob/a31621b7510560e0c7a4da04faf8a907474271c1/src/lib/flash-helper.test.js#L473,Stub,473,https://github.com/particle-iot/particle-cli/blob/a31621b7510560e0c7a4da04faf8a907474271c1/src/lib/flash-helper.test.js#L473,,
particle-iot/particle-cli,https://github.com/particle-iot/particle-cli,src/lib/flash-helper.test.js,https://github.com/particle-iot/particle-cli/blob/a31621b7510560e0c7a4da04faf8a907474271c1/src/lib/flash-helper.test.js#L474,Stub,474,https://github.com/particle-iot/particle-cli/blob/a31621b7510560e0c7a4da04faf8a907474271c1/src/lib/flash-helper.test.js#L474,,
particle-iot/particle-cli,https://github.com/particle-iot/particle-cli,src/lib/has-supported-node.test.js,https://github.com/particle-iot/particle-cli/blob/a31621b7510560e0c7a4da04faf8a907474271c1/src/lib/has-supported-node.test.js#L17,Stub,17,https://github.com/particle-iot/particle-cli/blob/a31621b7510560e0c7a4da04faf8a907474271c1/src/lib/has-supported-node.test.js#L17,,
particle-iot/particle-cli,https://github.com/particle-iot/particle-cli,src/lib/has-supported-node.test.js,https://github.com/particle-iot/particle-cli/blob/a31621b7510560e0c7a4da04faf8a907474271c1/src/lib/has-supported-node.test.js#L18,Stub,18,https://github.com/particle-iot/particle-cli/blob/a31621b7510560e0c7a4da04faf8a907474271c1/src/lib/has-supported-node.test.js#L18,,
particle-iot/particle-cli,https://github.com/particle-iot/particle-cli,src/lib/serial-batch-parser.test.js,https://github.com/particle-iot/particle-cli/blob/a31621b7510560e0c7a4da04faf8a907474271c1/src/lib/serial-batch-parser.test.js#L17,Stub,17,https://github.com/particle-iot/particle-cli/blob/a31621b7510560e0c7a4da04faf8a907474271c1/src/lib/serial-batch-parser.test.js#L17,,
particle-iot/particle-cli,https://github.com/particle-iot/particle-cli,src/lib/serial-batch-parser.test.js,https://github.com/particle-iot/particle-cli/blob/a31621b7510560e0c7a4da04faf8a907474271c1/src/lib/serial-batch-parser.test.js#L18,Stub,18,https://github.com/particle-iot/particle-cli/blob/a31621b7510560e0c7a4da04faf8a907474271c1/src/lib/serial-batch-parser.test.js#L18,,
particle-iot/particle-cli,https://github.com/particle-iot/particle-cli,src/lib/sso.test.js,https://github.com/particle-iot/particle-cli/blob/a31621b7510560e0c7a4da04faf8a907474271c1/src/lib/sso.test.js#L12,nock,12,https://github.com/particle-iot/particle-cli/blob/a31621b7510560e0c7a4da04faf8a907474271c1/src/lib/sso.test.js#L12,,
particle-iot/particle-cli,https://github.com/particle-iot/particle-cli,src/lib/sso.test.js,https://github.com/particle-iot/particle-cli/blob/a31621b7510560e0c7a4da04faf8a907474271c1/src/lib/sso.test.js#L25,nock,25,https://github.com/particle-iot/particle-cli/blob/a31621b7510560e0c7a4da04faf8a907474271c1/src/lib/sso.test.js#L25,,
particle-iot/particle-cli,https://github.com/particle-iot/particle-cli,src/lib/sso.test.js,https://github.com/particle-iot/particle-cli/blob/a31621b7510560e0c7a4da04faf8a907474271c1/src/lib/sso.test.js#L47,Stub,47,https://github.com/particle-iot/particle-cli/blob/a31621b7510560e0c7a4da04faf8a907474271c1/src/lib/sso.test.js#L47,,
particle-iot/particle-cli,https://github.com/particle-iot/particle-cli,src/lib/sso.test.js,https://github.com/particle-iot/particle-cli/blob/a31621b7510560e0c7a4da04faf8a907474271c1/src/lib/sso.test.js#L48,Stub,48,https://github.com/particle-iot/particle-cli/blob/a31621b7510560e0c7a4da04faf8a907474271c1/src/lib/sso.test.js#L48,,
particle-iot/particle-cli,https://github.com/particle-iot/particle-cli,src/lib/sso.test.js,https://github.com/particle-iot/particle-cli/blob/a31621b7510560e0c7a4da04faf8a907474271c1/src/lib/sso.test.js#L59,nock,59,https://github.com/particle-iot/particle-cli/blob/a31621b7510560e0c7a4da04faf8a907474271c1/src/lib/sso.test.js#L59,,
particle-iot/particle-cli,https://github.com/particle-iot/particle-cli,src/lib/sso.test.js,https://github.com/particle-iot/particle-cli/blob/a31621b7510560e0c7a4da04faf8a907474271c1/src/lib/sso.test.js#L63,nock,63,https://github.com/particle-iot/particle-cli/blob/a31621b7510560e0c7a4da04faf8a907474271c1/src/lib/sso.test.js#L63,,
particle-iot/particle-cli,https://github.com/particle-iot/particle-cli,src/lib/sso.test.js,https://github.com/particle-iot/particle-cli/blob/a31621b7510560e0c7a4da04faf8a907474271c1/src/lib/sso.test.js#L83,nock,83,https://github.com/particle-iot/particle-cli/blob/a31621b7510560e0c7a4da04faf8a907474271c1/src/lib/sso.test.js#L83,,
particle-iot/particle-cli,https://github.com/particle-iot/particle-cli,src/lib/sso.test.js,https://github.com/particle-iot/particle-cli/blob/a31621b7510560e0c7a4da04faf8a907474271c1/src/lib/sso.test.js#L87,nock,87,https://github.com/particle-iot/particle-cli/blob/a31621b7510560e0c7a4da04faf8a907474271c1/src/lib/sso.test.js#L87,,
particle-iot/particle-cli,https://github.com/particle-iot/particle-cli,src/lib/sso.test.js,https://github.com/particle-iot/particle-cli/blob/a31621b7510560e0c7a4da04faf8a907474271c1/src/lib/sso.test.js#L105,nock,105,https://github.com/particle-iot/particle-cli/blob/a31621b7510560e0c7a4da04faf8a907474271c1/src/lib/sso.test.js#L105,,
particle-iot/particle-cli,https://github.com/particle-iot/particle-cli,src/lib/sso.test.js,https://github.com/particle-iot/particle-cli/blob/a31621b7510560e0c7a4da04faf8a907474271c1/src/lib/sso.test.js#L109,nock,109,https://github.com/particle-iot/particle-cli/blob/a31621b7510560e0c7a4da04faf8a907474271c1/src/lib/sso.test.js#L109,,
particle-iot/particle-cli,https://github.com/particle-iot/particle-cli,src/lib/sso.test.js,https://github.com/particle-iot/particle-cli/blob/a31621b7510560e0c7a4da04faf8a907474271c1/src/lib/sso.test.js#L134,Stub,134,https://github.com/particle-iot/particle-cli/blob/a31621b7510560e0c7a4da04faf8a907474271c1/src/lib/sso.test.js#L134,,
particle-iot/particle-cli,https://github.com/particle-iot/particle-cli,src/lib/sso.test.js,https://github.com/particle-iot/particle-cli/blob/a31621b7510560e0c7a4da04faf8a907474271c1/src/lib/sso.test.js#L135,Stub,135,https://github.com/particle-iot/particle-cli/blob/a31621b7510560e0c7a4da04faf8a907474271c1/src/lib/sso.test.js#L135,,
particle-iot/particle-cli,https://github.com/particle-iot/particle-cli,src/lib/sso.test.js,https://github.com/particle-iot/particle-cli/blob/a31621b7510560e0c7a4da04faf8a907474271c1/src/lib/sso.test.js#L136,Stub,136,https://github.com/particle-iot/particle-cli/blob/a31621b7510560e0c7a4da04faf8a907474271c1/src/lib/sso.test.js#L136,,
particle-iot/particle-cli,https://github.com/particle-iot/particle-cli,src/lib/sso.test.js,https://github.com/particle-iot/particle-cli/blob/a31621b7510560e0c7a4da04faf8a907474271c1/src/lib/sso.test.js#L137,spy,137,https://github.com/particle-iot/particle-cli/blob/a31621b7510560e0c7a4da04faf8a907474271c1/src/lib/sso.test.js#L137,,
particle-iot/particle-cli,https://github.com/particle-iot/particle-cli,src/lib/sso.test.js,https://github.com/particle-iot/particle-cli/blob/a31621b7510560e0c7a4da04faf8a907474271c1/src/lib/sso.test.js#L139,nock,139,https://github.com/particle-iot/particle-cli/blob/a31621b7510560e0c7a4da04faf8a907474271c1/src/lib/sso.test.js#L139,,
particle-iot/particle-cli,https://github.com/particle-iot/particle-cli,src/lib/sso.test.js,https://github.com/particle-iot/particle-cli/blob/a31621b7510560e0c7a4da04faf8a907474271c1/src/lib/sso.test.js#L143,nock,143,https://github.com/particle-iot/particle-cli/blob/a31621b7510560e0c7a4da04faf8a907474271c1/src/lib/sso.test.js#L143,,
particle-iot/particle-cli,https://github.com/particle-iot/particle-cli,src/lib/ui/index.test.js,https://github.com/particle-iot/particle-cli/blob/a31621b7510560e0c7a4da04faf8a907474271c1/src/lib/ui/index.test.js#L89,Stub,89,https://github.com/particle-iot/particle-cli/blob/a31621b7510560e0c7a4da04faf8a907474271c1/src/lib/ui/index.test.js#L89,,
particle-iot/particle-cli,https://github.com/particle-iot/particle-cli,src/lib/ui/index.test.js,https://github.com/particle-iot/particle-cli/blob/a31621b7510560e0c7a4da04faf8a907474271c1/src/lib/ui/index.test.js#L100,spy,100,https://github.com/particle-iot/particle-cli/blob/a31621b7510560e0c7a4da04faf8a907474271c1/src/lib/ui/index.test.js#L100,,
particle-iot/particle-cli,https://github.com/particle-iot/particle-cli,src/lib/ui/index.test.js,https://github.com/particle-iot/particle-cli/blob/a31621b7510560e0c7a4da04faf8a907474271c1/src/lib/ui/index.test.js#L101,spy,101,https://github.com/particle-iot/particle-cli/blob/a31621b7510560e0c7a4da04faf8a907474271c1/src/lib/ui/index.test.js#L101,,
vandium-io/vandium-node,https://github.com/vandium-io/vandium-node,lib/__tests__/env.test.js,https://github.com/vandium-io/vandium-node/blob/339062d4bb2727aa8a311a6acc3cedf57734982e/lib/__tests__/env.test.js#L32,Stub,32,https://github.com/vandium-io/vandium-node/blob/339062d4bb2727aa8a311a6acc3cedf57734982e/lib/__tests__/env.test.js#L32,,
vandium-io/vandium-node,https://github.com/vandium-io/vandium-node,lib/__tests__/env.test.js,https://github.com/vandium-io/vandium-node/blob/339062d4bb2727aa8a311a6acc3cedf57734982e/lib/__tests__/env.test.js#L45,Stub,45,https://github.com/vandium-io/vandium-node/blob/339062d4bb2727aa8a311a6acc3cedf57734982e/lib/__tests__/env.test.js#L45,,
vandium-io/vandium-node,https://github.com/vandium-io/vandium-node,lib/__tests__/handler_invoker.test.js,https://github.com/vandium-io/vandium-node/blob/339062d4bb2727aa8a311a6acc3cedf57734982e/lib/__tests__/handler_invoker.test.js#L71,Stub,71,https://github.com/vandium-io/vandium-node/blob/339062d4bb2727aa8a311a6acc3cedf57734982e/lib/__tests__/handler_invoker.test.js#L71,,
vandium-io/vandium-node,https://github.com/vandium-io/vandium-node,lib/__tests__/handler_invoker.test.js,https://github.com/vandium-io/vandium-node/blob/339062d4bb2727aa8a311a6acc3cedf57734982e/lib/__tests__/handler_invoker.test.js#L102,Stub,102,https://github.com/vandium-io/vandium-node/blob/339062d4bb2727aa8a311a6acc3cedf57734982e/lib/__tests__/handler_invoker.test.js#L102,,
vandium-io/vandium-node,https://github.com/vandium-io/vandium-node,lib/__tests__/handler_invoker.test.js,https://github.com/vandium-io/vandium-node/blob/339062d4bb2727aa8a311a6acc3cedf57734982e/lib/__tests__/handler_invoker.test.js#L132,Stub,132,https://github.com/vandium-io/vandium-node/blob/339062d4bb2727aa8a311a6acc3cedf57734982e/lib/__tests__/handler_invoker.test.js#L132,,
vandium-io/vandium-node,https://github.com/vandium-io/vandium-node,lib/event_types/__tests__/basic.test.js,https://github.com/vandium-io/vandium-node/blob/339062d4bb2727aa8a311a6acc3cedf57734982e/lib/event_types/__tests__/basic.test.js#L59,Stub,59,https://github.com/vandium-io/vandium-node/blob/339062d4bb2727aa8a311a6acc3cedf57734982e/lib/event_types/__tests__/basic.test.js#L59,,
vandium-io/vandium-node,https://github.com/vandium-io/vandium-node,lib/event_types/__tests__/basic.test.js,https://github.com/vandium-io/vandium-node/blob/339062d4bb2727aa8a311a6acc3cedf57734982e/lib/event_types/__tests__/basic.test.js#L73,Stub,73,https://github.com/vandium-io/vandium-node/blob/339062d4bb2727aa8a311a6acc3cedf57734982e/lib/event_types/__tests__/basic.test.js#L73,,
vandium-io/vandium-node,https://github.com/vandium-io/vandium-node,lib/event_types/__tests__/basic.test.js,https://github.com/vandium-io/vandium-node/blob/339062d4bb2727aa8a311a6acc3cedf57734982e/lib/event_types/__tests__/basic.test.js#L75,Stub,75,https://github.com/vandium-io/vandium-node/blob/339062d4bb2727aa8a311a6acc3cedf57734982e/lib/event_types/__tests__/basic.test.js#L75,,
vandium-io/vandium-node,https://github.com/vandium-io/vandium-node,lib/event_types/__tests__/handler.test.js,https://github.com/vandium-io/vandium-node/blob/339062d4bb2727aa8a311a6acc3cedf57734982e/lib/event_types/__tests__/handler.test.js#L50,Stub,50,https://github.com/vandium-io/vandium-node/blob/339062d4bb2727aa8a311a6acc3cedf57734982e/lib/event_types/__tests__/handler.test.js#L50,,
vandium-io/vandium-node,https://github.com/vandium-io/vandium-node,lib/event_types/__tests__/handler.test.js,https://github.com/vandium-io/vandium-node/blob/339062d4bb2727aa8a311a6acc3cedf57734982e/lib/event_types/__tests__/handler.test.js#L241,Stub,241,https://github.com/vandium-io/vandium-node/blob/339062d4bb2727aa8a311a6acc3cedf57734982e/lib/event_types/__tests__/handler.test.js#L241,,
vandium-io/vandium-node,https://github.com/vandium-io/vandium-node,lib/event_types/__tests__/handler.test.js,https://github.com/vandium-io/vandium-node/blob/339062d4bb2727aa8a311a6acc3cedf57734982e/lib/event_types/__tests__/handler.test.js#L269,Stub,269,https://github.com/vandium-io/vandium-node/blob/339062d4bb2727aa8a311a6acc3cedf57734982e/lib/event_types/__tests__/handler.test.js#L269,,
vandium-io/vandium-node,https://github.com/vandium-io/vandium-node,lib/event_types/__tests__/handler.test.js,https://github.com/vandium-io/vandium-node/blob/339062d4bb2727aa8a311a6acc3cedf57734982e/lib/event_types/__tests__/handler.test.js#L297,Stub,297,https://github.com/vandium-io/vandium-node/blob/339062d4bb2727aa8a311a6acc3cedf57734982e/lib/event_types/__tests__/handler.test.js#L297,,
vandium-io/vandium-node,https://github.com/vandium-io/vandium-node,lib/event_types/__tests__/handler.test.js,https://github.com/vandium-io/vandium-node/blob/339062d4bb2727aa8a311a6acc3cedf57734982e/lib/event_types/__tests__/handler.test.js#L327,Stub,327,https://github.com/vandium-io/vandium-node/blob/339062d4bb2727aa8a311a6acc3cedf57734982e/lib/event_types/__tests__/handler.test.js#L327,,
vandium-io/vandium-node,https://github.com/vandium-io/vandium-node,lib/event_types/__tests__/handler.test.js,https://github.com/vandium-io/vandium-node/blob/339062d4bb2727aa8a311a6acc3cedf57734982e/lib/event_types/__tests__/handler.test.js#L357,Stub,357,https://github.com/vandium-io/vandium-node/blob/339062d4bb2727aa8a311a6acc3cedf57734982e/lib/event_types/__tests__/handler.test.js#L357,,
vandium-io/vandium-node,https://github.com/vandium-io/vandium-node,lib/event_types/__tests__/handler.test.js,https://github.com/vandium-io/vandium-node/blob/339062d4bb2727aa8a311a6acc3cedf57734982e/lib/event_types/__tests__/handler.test.js#L390,Stub,390,https://github.com/vandium-io/vandium-node/blob/339062d4bb2727aa8a311a6acc3cedf57734982e/lib/event_types/__tests__/handler.test.js#L390,,
vandium-io/vandium-node,https://github.com/vandium-io/vandium-node,lib/event_types/__tests__/handler.test.js,https://github.com/vandium-io/vandium-node/blob/339062d4bb2727aa8a311a6acc3cedf57734982e/lib/event_types/__tests__/handler.test.js#L422,Stub,422,https://github.com/vandium-io/vandium-node/blob/339062d4bb2727aa8a311a6acc3cedf57734982e/lib/event_types/__tests__/handler.test.js#L422,,
vandium-io/vandium-node,https://github.com/vandium-io/vandium-node,lib/event_types/__tests__/handler.test.js,https://github.com/vandium-io/vandium-node/blob/339062d4bb2727aa8a311a6acc3cedf57734982e/lib/event_types/__tests__/handler.test.js#L456,Stub,456,https://github.com/vandium-io/vandium-node/blob/339062d4bb2727aa8a311a6acc3cedf57734982e/lib/event_types/__tests__/handler.test.js#L456,,
vandium-io/vandium-node,https://github.com/vandium-io/vandium-node,lib/event_types/__tests__/handler.test.js,https://github.com/vandium-io/vandium-node/blob/339062d4bb2727aa8a311a6acc3cedf57734982e/lib/event_types/__tests__/handler.test.js#L458,Stub,458,https://github.com/vandium-io/vandium-node/blob/339062d4bb2727aa8a311a6acc3cedf57734982e/lib/event_types/__tests__/handler.test.js#L458,,
vandium-io/vandium-node,https://github.com/vandium-io/vandium-node,lib/event_types/__tests__/record.test.js,https://github.com/vandium-io/vandium-node/blob/339062d4bb2727aa8a311a6acc3cedf57734982e/lib/event_types/__tests__/record.test.js#L59,Stub,59,https://github.com/vandium-io/vandium-node/blob/339062d4bb2727aa8a311a6acc3cedf57734982e/lib/event_types/__tests__/record.test.js#L59,,
vandium-io/vandium-node,https://github.com/vandium-io/vandium-node,lib/event_types/__tests__/record.test.js,https://github.com/vandium-io/vandium-node/blob/339062d4bb2727aa8a311a6acc3cedf57734982e/lib/event_types/__tests__/record.test.js#L78,Stub,78,https://github.com/vandium-io/vandium-node/blob/339062d4bb2727aa8a311a6acc3cedf57734982e/lib/event_types/__tests__/record.test.js#L78,,
vandium-io/vandium-node,https://github.com/vandium-io/vandium-node,lib/event_types/__tests__/record.test.js,https://github.com/vandium-io/vandium-node/blob/339062d4bb2727aa8a311a6acc3cedf57734982e/lib/event_types/__tests__/record.test.js#L92,Stub,92,https://github.com/vandium-io/vandium-node/blob/339062d4bb2727aa8a311a6acc3cedf57734982e/lib/event_types/__tests__/record.test.js#L92,,
vandium-io/vandium-node,https://github.com/vandium-io/vandium-node,lib/event_types/__tests__/record.test.js,https://github.com/vandium-io/vandium-node/blob/339062d4bb2727aa8a311a6acc3cedf57734982e/lib/event_types/__tests__/record.test.js#L94,Stub,94,https://github.com/vandium-io/vandium-node/blob/339062d4bb2727aa8a311a6acc3cedf57734982e/lib/event_types/__tests__/record.test.js#L94,,
vandium-io/vandium-node,https://github.com/vandium-io/vandium-node,lib/event_types/__tests__/typed.test.js,https://github.com/vandium-io/vandium-node/blob/339062d4bb2727aa8a311a6acc3cedf57734982e/lib/event_types/__tests__/typed.test.js#L19,Stub,19,https://github.com/vandium-io/vandium-node/blob/339062d4bb2727aa8a311a6acc3cedf57734982e/lib/event_types/__tests__/typed.test.js#L19,,
vandium-io/vandium-node,https://github.com/vandium-io/vandium-node,lib/event_types/api/__tests__/api_handler.test.js,https://github.com/vandium-io/vandium-node/blob/339062d4bb2727aa8a311a6acc3cedf57734982e/lib/event_types/api/__tests__/api_handler.test.js#L874,Stub,874,https://github.com/vandium-io/vandium-node/blob/339062d4bb2727aa8a311a6acc3cedf57734982e/lib/event_types/api/__tests__/api_handler.test.js#L874,,
vandium-io/vandium-node,https://github.com/vandium-io/vandium-node,lib/event_types/api/__tests__/api_handler.test.js,https://github.com/vandium-io/vandium-node/blob/339062d4bb2727aa8a311a6acc3cedf57734982e/lib/event_types/api/__tests__/api_handler.test.js#L1128,Stub,1128,https://github.com/vandium-io/vandium-node/blob/339062d4bb2727aa8a311a6acc3cedf57734982e/lib/event_types/api/__tests__/api_handler.test.js#L1128,,
vandium-io/vandium-node,https://github.com/vandium-io/vandium-node,lib/event_types/api/__tests__/api_handler.test.js,https://github.com/vandium-io/vandium-node/blob/339062d4bb2727aa8a311a6acc3cedf57734982e/lib/event_types/api/__tests__/api_handler.test.js#L1154,Stub,1154,https://github.com/vandium-io/vandium-node/blob/339062d4bb2727aa8a311a6acc3cedf57734982e/lib/event_types/api/__tests__/api_handler.test.js#L1154,,
vandium-io/vandium-node,https://github.com/vandium-io/vandium-node,lib/event_types/api/__tests__/jwt.test.js,https://github.com/vandium-io/vandium-node/blob/339062d4bb2727aa8a311a6acc3cedf57734982e/lib/event_types/api/__tests__/jwt.test.js#L25,Stub,25,https://github.com/vandium-io/vandium-node/blob/339062d4bb2727aa8a311a6acc3cedf57734982e/lib/event_types/api/__tests__/jwt.test.js#L25,,
vandium-io/vandium-node,https://github.com/vandium-io/vandium-node,lib/event_types/api/__tests__/jwt.test.js,https://github.com/vandium-io/vandium-node/blob/339062d4bb2727aa8a311a6acc3cedf57734982e/lib/event_types/api/__tests__/jwt.test.js#L27,Stub,27,https://github.com/vandium-io/vandium-node/blob/339062d4bb2727aa8a311a6acc3cedf57734982e/lib/event_types/api/__tests__/jwt.test.js#L27,,
vandium-io/vandium-node,https://github.com/vandium-io/vandium-node,lib/event_types/api/__tests__/protection.test.js,https://github.com/vandium-io/vandium-node/blob/339062d4bb2727aa8a311a6acc3cedf57734982e/lib/event_types/api/__tests__/protection.test.js#L102,Stub,102,https://github.com/vandium-io/vandium-node/blob/339062d4bb2727aa8a311a6acc3cedf57734982e/lib/event_types/api/__tests__/protection.test.js#L102,,
vandium-io/vandium-node,https://github.com/vandium-io/vandium-node,lib/event_types/api/__tests__/protection.test.js,https://github.com/vandium-io/vandium-node/blob/339062d4bb2727aa8a311a6acc3cedf57734982e/lib/event_types/api/__tests__/protection.test.js#L103,Stub,103,https://github.com/vandium-io/vandium-node/blob/339062d4bb2727aa8a311a6acc3cedf57734982e/lib/event_types/api/__tests__/protection.test.js#L103,,
vandium-io/vandium-node,https://github.com/vandium-io/vandium-node,lib/validation/__tests__/validation_provider.test.js,https://github.com/vandium-io/vandium-node/blob/339062d4bb2727aa8a311a6acc3cedf57734982e/lib/validation/__tests__/validation_provider.test.js#L21,Stub,21,https://github.com/vandium-io/vandium-node/blob/339062d4bb2727aa8a311a6acc3cedf57734982e/lib/validation/__tests__/validation_provider.test.js#L21,,
