Project Name,Project Link,File Name,File Link,Missing Line Number,Missing Line Link,
adafruit_io_python,https://github.com/adafruit/Adafruit_IO_Python,Adafruit_IO/errors.py,https://github.com/adafruit/Adafruit_IO_Python/tree/ecefb29ad7a6080c1839c507abbcaef05d5e01d2/Adafruit_IO/errors.py,48-49,https://github.com/adafruit/Adafruit_IO_Python/tree/ecefb29ad7a6080c1839c507abbcaef05d5e01d2/Adafruit_IO/errors.py/#L48#L49,Web Services Interaction
azure-iot-sdk-python,https://github.com/Azure/azure-iot-sdk-python,dev_utils/dev_utils/test_env.py,https://github.com/Azure/azure-iot-sdk-python/tree/f3e84fc448b023e147502ceb81d0b1389d0bbcfa/dev_utils/dev_utils/test_env.py,15-17,https://github.com/Azure/azure-iot-sdk-python/tree/f3e84fc448b023e147502ceb81d0b1389d0bbcfa/dev_utils/dev_utils/test_env.py/#L15#L17,Environment Dependency
psmqtt,https://github.com/eschava/psmqtt,src/handlers.py,https://github.com/eschava/psmqtt/tree/52094f3ea2d365d011da8fcfb285eb4c634ad0ba/src/handlers.py,272,https://github.com/eschava/psmqtt/tree/52094f3ea2d365d011da8fcfb285eb4c634ad0ba/src/handlers.py/#L272,Not implemented
hap-python,https://github.com/ikalchev/HAP-python,pyhap/accessory_driver.py,https://github.com/ikalchev/HAP-python/tree/8b62c1965b8d88d79b26d1d857408659ab9b84ba/pyhap/accessory_driver.py,647-648,https://github.com/ikalchev/HAP-python/tree/8b62c1965b8d88d79b26d1d857408659ab9b84ba/pyhap/accessory_driver.py/#L647#L648,Platform Dependency
iotedgedev,https://github.com/Azure/iotedgedev,iotedgedev/output.py,https://github.com/Azure/iotedgedev/tree/4e51ecdcddd4bdd565312dc72401701a202b4e3f/iotedgedev/output.py,18,https://github.com/Azure/iotedgedev/tree/4e51ecdcddd4bdd565312dc72401701a202b4e3f/iotedgedev/output.py/#L18,Cli
azure-iot-sdk-python,https://github.com/Azure/azure-iot-sdk-python,tests/unit/test_sastoken.py,https://github.com/Azure/azure-iot-sdk-python/tree/f3e84fc448b023e147502ceb81d0b1389d0bbcfa/tests/unit/test_sastoken.py,305-306,https://github.com/Azure/azure-iot-sdk-python/tree/f3e84fc448b023e147502ceb81d0b1389d0bbcfa/tests/unit/test_sastoken.py/#L305#L306,Test Implementation Error or Skipped Test Or Part of Test
hap-python,https://github.com/ikalchev/HAP-python,pyhap/accessory.py,https://github.com/ikalchev/HAP-python/tree/8b62c1965b8d88d79b26d1d857408659ab9b84ba/pyhap/accessory.py,204,https://github.com/ikalchev/HAP-python/tree/8b62c1965b8d88d79b26d1d857408659ab9b84ba/pyhap/accessory.py/#L204,Test Implementation Error or Skipped Test Or Part of Test
azure-iot-sdk-python,https://github.com/Azure/azure-iot-sdk-python,tests/unit/test_mqtt_client.py,https://github.com/Azure/azure-iot-sdk-python/tree/f3e84fc448b023e147502ceb81d0b1389d0bbcfa/tests/unit/test_mqtt_client.py,711->713,https://github.com/Azure/azure-iot-sdk-python/tree/f3e84fc448b023e147502ceb81d0b1389d0bbcfa/tests/unit/test_mqtt_client.py/#L711#L>713,Test Implementation Error or Skipped Test Or Part of Test
hap-python,https://github.com/ikalchev/HAP-python,pyhap/hap_handler.py,https://github.com/ikalchev/HAP-python/tree/8b62c1965b8d88d79b26d1d857408659ab9b84ba/pyhap/hap_handler.py,772->777,https://github.com/ikalchev/HAP-python/tree/8b62c1965b8d88d79b26d1d857408659ab9b84ba/pyhap/hap_handler.py/#L772#L>777,Web Services Interaction
home-assistant-cli,https://github.com/home-assistant-ecosystem/home-assistant-cli,homeassistant_cli/remote.py,https://github.com/home-assistant-ecosystem/home-assistant-cli/tree/e9ab228a6fbc50aabe2251cbefbecaabc48efc0b/homeassistant_cli/remote.py,190-192,https://github.com/home-assistant-ecosystem/home-assistant-cli/tree/e9ab228a6fbc50aabe2251cbefbecaabc48efc0b/homeassistant_cli/remote.py/#L190#L192,Web Services Interaction
home-assistant-cli,https://github.com/home-assistant-ecosystem/home-assistant-cli,homeassistant_cli/remote.py,https://github.com/home-assistant-ecosystem/home-assistant-cli/tree/e9ab228a6fbc50aabe2251cbefbecaabc48efc0b/homeassistant_cli/remote.py,199-205,https://github.com/home-assistant-ecosystem/home-assistant-cli/tree/e9ab228a6fbc50aabe2251cbefbecaabc48efc0b/homeassistant_cli/remote.py/#L199#L205,Web Services Interaction
tinyflux,https://github.com/citrusvanilla/tinyflux,tests/test_queries.py,https://github.com/citrusvanilla/tinyflux/tree/f226fbf1ca69b0815c452bdc1af4c27e92462890/tests/test_queries.py,617->exit,https://github.com/citrusvanilla/tinyflux/tree/f226fbf1ca69b0815c452bdc1af4c27e92462890/tests/test_queries.py/#L617#L>exit,Test Implementation Error or Skipped Test Or Part of Test
hap-python,https://github.com/ikalchev/HAP-python,pyhap/hap_handler.py,https://github.com/ikalchev/HAP-python/tree/8b62c1965b8d88d79b26d1d857408659ab9b84ba/pyhap/hap_handler.py,271->exit,https://github.com/ikalchev/HAP-python/tree/8b62c1965b8d88d79b26d1d857408659ab9b84ba/pyhap/hap_handler.py/#L271#L>exit,Web Services Interaction
psmqtt,https://github.com/eschava/psmqtt,src/handlers.py,https://github.com/eschava/psmqtt/tree/52094f3ea2d365d011da8fcfb285eb4c634ad0ba/src/handlers.py,804,https://github.com/eschava/psmqtt/tree/52094f3ea2d365d011da8fcfb285eb4c634ad0ba/src/handlers.py/#L804,Others
psmqtt,https://github.com/eschava/psmqtt,src/handlers.py,https://github.com/eschava/psmqtt/tree/52094f3ea2d365d011da8fcfb285eb4c634ad0ba/src/handlers.py,487-488,https://github.com/eschava/psmqtt/tree/52094f3ea2d365d011da8fcfb285eb4c634ad0ba/src/handlers.py/#L487#L488,File Processing
home-assistant-cli,https://github.com/home-assistant-ecosystem/home-assistant-cli,homeassistant_cli/remote.py,https://github.com/home-assistant-ecosystem/home-assistant-cli/tree/e9ab228a6fbc50aabe2251cbefbecaabc48efc0b/homeassistant_cli/remote.py,520-529,https://github.com/home-assistant-ecosystem/home-assistant-cli/tree/e9ab228a6fbc50aabe2251cbefbecaabc48efc0b/homeassistant_cli/remote.py/#L520#L529,Web Services Interaction
iotedgedev,https://github.com/Azure/iotedgedev,tests/test_utility.py,https://github.com/Azure/iotedgedev/tree/4e51ecdcddd4bdd565312dc72401701a202b4e3f/tests/test_utility.py,40->exit,https://github.com/Azure/iotedgedev/tree/4e51ecdcddd4bdd565312dc72401701a202b4e3f/tests/test_utility.py/#L40#L>exit,Test Implementation Error or Skipped Test Or Part of Test
adafruit_io_python,https://github.com/adafruit/Adafruit_IO_Python,Adafruit_IO/mqtt_client.py,https://github.com/adafruit/Adafruit_IO_Python/tree/ecefb29ad7a6080c1839c507abbcaef05d5e01d2/Adafruit_IO/mqtt_client.py,161->exit,https://github.com/adafruit/Adafruit_IO_Python/tree/ecefb29ad7a6080c1839c507abbcaef05d5e01d2/Adafruit_IO/mqtt_client.py/#L161#L>exit,Web Services Interaction
amazon-dash,https://github.com/Nekmo/amazon-dash,amazon_dash/install/__init__.py,https://github.com/Nekmo/amazon-dash/tree/78c3f58701ce36c49dd053c9856ea21c91220cec/amazon_dash/install/__init__.py,150,https://github.com/Nekmo/amazon-dash/tree/78c3f58701ce36c49dd053c9856ea21c91220cec/amazon_dash/install/__init__.py/#L150,SystemCall Handling
azure-iot-sdk-python,https://github.com/Azure/azure-iot-sdk-python,tests/unit/test_iothub_mqtt_client.py,https://github.com/Azure/azure-iot-sdk-python/tree/f3e84fc448b023e147502ceb81d0b1389d0bbcfa/tests/unit/test_iothub_mqtt_client.py,3314,https://github.com/Azure/azure-iot-sdk-python/tree/f3e84fc448b023e147502ceb81d0b1389d0bbcfa/tests/unit/test_iothub_mqtt_client.py/#L3314,Test Implementation Error or Skipped Test Or Part of Test
iotedgedev,https://github.com/Azure/iotedgedev,iotedgedev/azurecli.py,https://github.com/Azure/iotedgedev/tree/4e51ecdcddd4bdd565312dc72401701a202b4e3f/iotedgedev/azurecli.py,442-454,https://github.com/Azure/iotedgedev/tree/4e51ecdcddd4bdd565312dc72401701a202b4e3f/iotedgedev/azurecli.py/#L442#L454,Web Services Interaction
xled,https://github.com/scrool/xled,xled/discover.py,https://github.com/scrool/xled/tree/3c7302191f18f8ea14f556bec2cd2a9ee8e516c7/xled/discover.py,592-600,https://github.com/scrool/xled/tree/3c7302191f18f8ea14f556bec2cd2a9ee8e516c7/xled/discover.py/#L592#L600,Web Services Interaction
home-assistant-cli,https://github.com/home-assistant-ecosystem/home-assistant-cli,homeassistant_cli/remote.py,https://github.com/home-assistant-ecosystem/home-assistant-cli/tree/e9ab228a6fbc50aabe2251cbefbecaabc48efc0b/homeassistant_cli/remote.py,360-383,https://github.com/home-assistant-ecosystem/home-assistant-cli/tree/e9ab228a6fbc50aabe2251cbefbecaabc48efc0b/homeassistant_cli/remote.py/#L360#L383,Web Services Interaction
azure-iot-sdk-python,https://github.com/Azure/azure-iot-sdk-python,tests/unit/test_mqtt_client.py,https://github.com/Azure/azure-iot-sdk-python/tree/f3e84fc448b023e147502ceb81d0b1389d0bbcfa/tests/unit/test_mqtt_client.py,124,https://github.com/Azure/azure-iot-sdk-python/tree/f3e84fc448b023e147502ceb81d0b1389d0bbcfa/tests/unit/test_mqtt_client.py/#L124,Web Services Interaction
xled,https://github.com/scrool/xled,xled/device.py,https://github.com/scrool/xled/tree/3c7302191f18f8ea14f556bec2cd2a9ee8e516c7/xled/device.py,88-93,https://github.com/scrool/xled/tree/3c7302191f18f8ea14f556bec2cd2a9ee8e516c7/xled/device.py/#L88#L93,Web Services Interaction
adaptive-lighting,https://github.com/basnijholt/adaptive-lighting,custom_components/adaptive_lighting/color_and_brightness.py,https://github.com/basnijholt/adaptive-lighting/tree/5cd060a37c2cdad3c7e266b937dc50e4b1c79711/custom_components/adaptive_lighting/color_and_brightness.py,292->300,https://github.com/basnijholt/adaptive-lighting/tree/5cd060a37c2cdad3c7e266b937dc50e4b1c79711/custom_components/adaptive_lighting/color_and_brightness.py/#L292#L>300,Scenarios Missing in Automation
adaptive-lighting,https://github.com/basnijholt/adaptive-lighting,custom_components/adaptive_lighting/switch.py,https://github.com/basnijholt/adaptive-lighting/tree/5cd060a37c2cdad3c7e266b937dc50e4b1c79711/custom_components/adaptive_lighting/switch.py,486->485,https://github.com/basnijholt/adaptive-lighting/tree/5cd060a37c2cdad3c7e266b937dc50e4b1c79711/custom_components/adaptive_lighting/switch.py/#L486#L>485,Scenarios Missing in Automation
adaptive-lighting,https://github.com/basnijholt/adaptive-lighting,custom_components/adaptive_lighting/switch.py,https://github.com/basnijholt/adaptive-lighting/tree/5cd060a37c2cdad3c7e266b937dc50e4b1c79711/custom_components/adaptive_lighting/switch.py,2696,https://github.com/basnijholt/adaptive-lighting/tree/5cd060a37c2cdad3c7e266b937dc50e4b1c79711/custom_components/adaptive_lighting/switch.py/#L2696,Others
adaptive-lighting,https://github.com/basnijholt/adaptive-lighting,custom_components/adaptive_lighting/switch.py,https://github.com/basnijholt/adaptive-lighting/tree/5cd060a37c2cdad3c7e266b937dc50e4b1c79711/custom_components/adaptive_lighting/switch.py,850-856,https://github.com/basnijholt/adaptive-lighting/tree/5cd060a37c2cdad3c7e266b937dc50e4b1c79711/custom_components/adaptive_lighting/switch.py/#L850#L856,Environment Dependency
hap-python,https://github.com/ikalchev/HAP-python,pyhap/camera.py,https://github.com/ikalchev/HAP-python/tree/8b62c1965b8d88d79b26d1d857408659ab9b84ba/pyhap/camera.py,662,https://github.com/ikalchev/HAP-python/tree/8b62c1965b8d88d79b26d1d857408659ab9b84ba/pyhap/camera.py/#L662,Web Services Interaction
amazon-dash,https://github.com/Nekmo/amazon-dash,amazon_dash/_compat.py,https://github.com/Nekmo/amazon-dash/tree/78c3f58701ce36c49dd053c9856ea21c91220cec/amazon_dash/_compat.py,11?12?,https://github.com/Nekmo/amazon-dash/tree/78c3f58701ce36c49dd053c9856ea21c91220cec/amazon_dash/_compat.py/#L11#L12,Environment Dependency
iotedgedev,https://github.com/Azure/iotedgedev,tests/test_iotedgedev_solution.py,https://github.com/Azure/iotedgedev/tree/4e51ecdcddd4bdd565312dc72401701a202b4e3f/tests/test_iotedgedev_solution.py,230,https://github.com/Azure/iotedgedev/tree/4e51ecdcddd4bdd565312dc72401701a202b4e3f/tests/test_iotedgedev_solution.py/#L230,Environment Dependency
xled,https://github.com/scrool/xled,xled/control.py,https://github.com/scrool/xled/tree/3c7302191f18f8ea14f556bec2cd2a9ee8e516c7/xled/control.py,834-854,https://github.com/scrool/xled/tree/3c7302191f18f8ea14f556bec2cd2a9ee8e516c7/xled/control.py/#L834#L854,NetWork Configurition
psmqtt,https://github.com/eschava/psmqtt,src/handlers.py,https://github.com/eschava/psmqtt/tree/52094f3ea2d365d011da8fcfb285eb4c634ad0ba/src/handlers.py,800,https://github.com/eschava/psmqtt/tree/52094f3ea2d365d011da8fcfb285eb4c634ad0ba/src/handlers.py/#L800,Illeagal Object
azure-iot-sdk-python,https://github.com/Azure/azure-iot-sdk-python,azure-iot-device/azure/iot/device/mqtt_topic_iothub.py,https://github.com/Azure/azure-iot-sdk-python/tree/f3e84fc448b023e147502ceb81d0b1389d0bbcfa/azure-iot-device/azure/iot/device/mqtt_topic_iothub.py,178,https://github.com/Azure/azure-iot-sdk-python/tree/f3e84fc448b023e147502ceb81d0b1389d0bbcfa/azure-iot-device/azure/iot/device/mqtt_topic_iothub.py/#L178,Web Services Interaction
xled,https://github.com/scrool/xled,xled/response.py,https://github.com/scrool/xled/tree/3c7302191f18f8ea14f556bec2cd2a9ee8e516c7/xled/response.py,58,https://github.com/scrool/xled/tree/3c7302191f18f8ea14f556bec2cd2a9ee8e516c7/xled/response.py/#L58,Web Services Interaction
home-assistant-cli,https://github.com/home-assistant-ecosystem/home-assistant-cli,homeassistant_cli/cli.py,https://github.com/home-assistant-ecosystem/home-assistant-cli/tree/e9ab228a6fbc50aabe2251cbefbecaabc48efc0b/homeassistant_cli/cli.py,93-95,https://github.com/home-assistant-ecosystem/home-assistant-cli/tree/e9ab228a6fbc50aabe2251cbefbecaabc48efc0b/homeassistant_cli/cli.py/#L93#L95,Not implemented
psmqtt,https://github.com/eschava/psmqtt,src/topic.py,https://github.com/eschava/psmqtt/tree/52094f3ea2d365d011da8fcfb285eb4c634ad0ba/src/topic.py,35,https://github.com/eschava/psmqtt/tree/52094f3ea2d365d011da8fcfb285eb4c634ad0ba/src/topic.py/#L35,Web Services Interaction
xled,https://github.com/scrool/xled,xled/response.py,https://github.com/scrool/xled/tree/3c7302191f18f8ea14f556bec2cd2a9ee8e516c7/xled/response.py,108,https://github.com/scrool/xled/tree/3c7302191f18f8ea14f556bec2cd2a9ee8e516c7/xled/response.py/#L108,Standard Method Overrides
iotedgedev,https://github.com/Azure/iotedgedev,iotedgedev/cli.py,https://github.com/Azure/iotedgedev/tree/4e51ecdcddd4bdd565312dc72401701a202b4e3f/iotedgedev/cli.py,127->131,https://github.com/Azure/iotedgedev/tree/4e51ecdcddd4bdd565312dc72401701a202b4e3f/iotedgedev/cli.py/#L127#L>131,Environment Dependency
xled,https://github.com/scrool/xled,xled/__init__.py,https://github.com/scrool/xled/tree/3c7302191f18f8ea14f556bec2cd2a9ee8e516c7/xled/__init__.py,35-41,https://github.com/scrool/xled/tree/3c7302191f18f8ea14f556bec2cd2a9ee8e516c7/xled/__init__.py/#L35#L41,Environment Dependency
xled,https://github.com/scrool/xled,xled/compat.py,https://github.com/scrool/xled/tree/3c7302191f18f8ea14f556bec2cd2a9ee8e516c7/xled/compat.py,66,https://github.com/scrool/xled/tree/3c7302191f18f8ea14f556bec2cd2a9ee8e516c7/xled/compat.py/#L66,Environment Dependency
azure-iot-sdk-python,https://github.com/Azure/azure-iot-sdk-python,tests/unit/test_provisioning_session.py,https://github.com/Azure/azure-iot-sdk-python/tree/f3e84fc448b023e147502ceb81d0b1389d0bbcfa/tests/unit/test_provisioning_session.py,939,https://github.com/Azure/azure-iot-sdk-python/tree/f3e84fc448b023e147502ceb81d0b1389d0bbcfa/tests/unit/test_provisioning_session.py/#L939,Test Implementation Error or Skipped Test Or Part of Test
xled,https://github.com/scrool/xled,xled/security.py,https://github.com/scrool/xled/tree/3c7302191f18f8ea14f556bec2cd2a9ee8e516c7/xled/security.py,126-128,https://github.com/scrool/xled/tree/3c7302191f18f8ea14f556bec2cd2a9ee8e516c7/xled/security.py/#L126#L128,Web Services Interaction
psmqtt,https://github.com/eschava/psmqtt,src/handlers_test.py,https://github.com/eschava/psmqtt/tree/52094f3ea2d365d011da8fcfb285eb4c634ad0ba/src/handlers_test.py,326-348,https://github.com/eschava/psmqtt/tree/52094f3ea2d365d011da8fcfb285eb4c634ad0ba/src/handlers_test.py/#L326#L348,Test Implementation Error or Skipped Test Or Part of Test
amazon-dash,https://github.com/Nekmo/amazon-dash,amazon_dash/install/__init__.py,https://github.com/Nekmo/amazon-dash/tree/78c3f58701ce36c49dd053c9856ea21c91220cec/amazon_dash/install/__init__.py,31-34,https://github.com/Nekmo/amazon-dash/tree/78c3f58701ce36c49dd053c9856ea21c91220cec/amazon_dash/install/__init__.py/#L31#L34,SystemCall Handling
iotedgedev,https://github.com/Azure/iotedgedev,tests/test_iotedgedev_solution.py,https://github.com/Azure/iotedgedev/tree/4e51ecdcddd4bdd565312dc72401701a202b4e3f/tests/test_iotedgedev_solution.py,429,https://github.com/Azure/iotedgedev/tree/4e51ecdcddd4bdd565312dc72401701a202b4e3f/tests/test_iotedgedev_solution.py/#L429,Platform Dependency
iotedgedev,https://github.com/Azure/iotedgedev,iotedgedev/cli.py,https://github.com/Azure/iotedgedev/tree/4e51ecdcddd4bdd565312dc72401701a202b4e3f/iotedgedev/cli.py,636-647,https://github.com/Azure/iotedgedev/tree/4e51ecdcddd4bdd565312dc72401701a202b4e3f/iotedgedev/cli.py/#L636#L647,Web Services Interaction
psmqtt,https://github.com/eschava/psmqtt,src/handlers.py,https://github.com/eschava/psmqtt/tree/52094f3ea2d365d011da8fcfb285eb4c634ad0ba/src/handlers.py,380,https://github.com/eschava/psmqtt/tree/52094f3ea2d365d011da8fcfb285eb4c634ad0ba/src/handlers.py/#L380,Web Services Interaction
adaptive-lighting,https://github.com/basnijholt/adaptive-lighting,custom_components/adaptive_lighting/switch.py,https://github.com/basnijholt/adaptive-lighting/tree/5cd060a37c2cdad3c7e266b937dc50e4b1c79711/custom_components/adaptive_lighting/switch.py,2213-2217,https://github.com/basnijholt/adaptive-lighting/tree/5cd060a37c2cdad3c7e266b937dc50e4b1c79711/custom_components/adaptive_lighting/switch.py/#L2213#L2217,Logger
home-assistant-cli,https://github.com/home-assistant-ecosystem/home-assistant-cli,homeassistant_cli/remote.py,https://github.com/home-assistant-ecosystem/home-assistant-cli/tree/e9ab228a6fbc50aabe2251cbefbecaabc48efc0b/homeassistant_cli/remote.py,232-238,https://github.com/home-assistant-ecosystem/home-assistant-cli/tree/e9ab228a6fbc50aabe2251cbefbecaabc48efc0b/homeassistant_cli/remote.py/#L232#L238,Web Services Interaction
iotedgedev,https://github.com/Azure/iotedgedev,iotedgedev/deploymentmanifest.py,https://github.com/Azure/iotedgedev/tree/4e51ecdcddd4bdd565312dc72401701a202b4e3f/iotedgedev/deploymentmanifest.py,155-162,https://github.com/Azure/iotedgedev/tree/4e51ecdcddd4bdd565312dc72401701a202b4e3f/iotedgedev/deploymentmanifest.py/#L155#L162,DeadCode
xled,https://github.com/scrool/xled,xled/auth.py,https://github.com/scrool/xled/tree/3c7302191f18f8ea14f556bec2cd2a9ee8e516c7/xled/auth.py,483->486,https://github.com/scrool/xled/tree/3c7302191f18f8ea14f556bec2cd2a9ee8e516c7/xled/auth.py/#L483#L>486,Web Services Interaction
xled,https://github.com/scrool/xled,tests/test_control_low.py,https://github.com/scrool/xled/tree/3c7302191f18f8ea14f556bec2cd2a9ee8e516c7/tests/test_control_low.py,682,https://github.com/scrool/xled/tree/3c7302191f18f8ea14f556bec2cd2a9ee8e516c7/tests/test_control_low.py/#L682,Environment Dependency
iotedgedev,https://github.com/Azure/iotedgedev,iotedgedev/modules.py,https://github.com/Azure/iotedgedev/tree/4e51ecdcddd4bdd565312dc72401701a202b4e3f/iotedgedev/modules.py,91-94,https://github.com/Azure/iotedgedev/tree/4e51ecdcddd4bdd565312dc72401701a202b4e3f/iotedgedev/modules.py/#L91#L94,Environment Dependency
xled,https://github.com/scrool/xled,tests/test_control_low.py,https://github.com/scrool/xled/tree/3c7302191f18f8ea14f556bec2cd2a9ee8e516c7/tests/test_control_low.py,191,https://github.com/scrool/xled/tree/3c7302191f18f8ea14f556bec2cd2a9ee8e516c7/tests/test_control_low.py/#L191,Environment Dependency
xled,https://github.com/scrool/xled,xled/control.py,https://github.com/scrool/xled/tree/3c7302191f18f8ea14f556bec2cd2a9ee8e516c7/xled/control.py,786,https://github.com/scrool/xled/tree/3c7302191f18f8ea14f556bec2cd2a9ee8e516c7/xled/control.py/#L786,Web Services Interaction
hap-python,https://github.com/ikalchev/HAP-python,pyhap/accessory_driver.py,https://github.com/ikalchev/HAP-python/tree/8b62c1965b8d88d79b26d1d857408659ab9b84ba/pyhap/accessory_driver.py,564,https://github.com/ikalchev/HAP-python/tree/8b62c1965b8d88d79b26d1d857408659ab9b84ba/pyhap/accessory_driver.py/#L564,Web Services Interaction
azure-iot-sdk-python,https://github.com/Azure/azure-iot-sdk-python,dev_utils/dev_utils/custom_mock.py,https://github.com/Azure/azure-iot-sdk-python/tree/f3e84fc448b023e147502ceb81d0b1389d0bbcfa/dev_utils/dev_utils/custom_mock.py,42-44,https://github.com/Azure/azure-iot-sdk-python/tree/f3e84fc448b023e147502ceb81d0b1389d0bbcfa/dev_utils/dev_utils/custom_mock.py/#L42#L44,Others
xled,https://github.com/scrool/xled,tests/test_discover.py,https://github.com/scrool/xled/tree/3c7302191f18f8ea14f556bec2cd2a9ee8e516c7/tests/test_discover.py,39,https://github.com/scrool/xled/tree/3c7302191f18f8ea14f556bec2cd2a9ee8e516c7/tests/test_discover.py/#L39,Environment Dependency
adafruit_io_python,https://github.com/adafruit/Adafruit_IO_Python,tests/test_client.py,https://github.com/adafruit/Adafruit_IO_Python/tree/ecefb29ad7a6080c1839c507abbcaef05d5e01d2/tests/test_client.py,409,https://github.com/adafruit/Adafruit_IO_Python/tree/ecefb29ad7a6080c1839c507abbcaef05d5e01d2/tests/test_client.py/#L409,Test Implementation Error or Skipped Test Or Part of Test
azure-iot-sdk-python,https://github.com/Azure/azure-iot-sdk-python,azure-iot-device/azure/iot/device/mqtt_client.py,https://github.com/Azure/azure-iot-sdk-python/tree/f3e84fc448b023e147502ceb81d0b1389d0bbcfa/azure-iot-device/azure/iot/device/mqtt_client.py,653->658,https://github.com/Azure/azure-iot-sdk-python/tree/f3e84fc448b023e147502ceb81d0b1389d0bbcfa/azure-iot-device/azure/iot/device/mqtt_client.py/#L653#L>658,Web Services Interaction
home-assistant-cli,https://github.com/home-assistant-ecosystem/home-assistant-cli,homeassistant_cli/config.py,https://github.com/home-assistant-ecosystem/home-assistant-cli/tree/e9ab228a6fbc50aabe2251cbefbecaabc48efc0b/homeassistant_cli/config.py,40-73,https://github.com/home-assistant-ecosystem/home-assistant-cli/tree/e9ab228a6fbc50aabe2251cbefbecaabc48efc0b/homeassistant_cli/config.py/#L40#L73,Web Services Interaction
amazon-dash,https://github.com/Nekmo/amazon-dash,amazon_dash/_compat.py,https://github.com/Nekmo/amazon-dash/tree/78c3f58701ce36c49dd053c9856ea21c91220cec/amazon_dash/_compat.py,18,https://github.com/Nekmo/amazon-dash/tree/78c3f58701ce36c49dd053c9856ea21c91220cec/amazon_dash/_compat.py/#L18,Platform Dependency
xled,https://github.com/scrool/xled,xled/compat.py,https://github.com/scrool/xled/tree/3c7302191f18f8ea14f556bec2cd2a9ee8e516c7/xled/compat.py,44-46,https://github.com/scrool/xled/tree/3c7302191f18f8ea14f556bec2cd2a9ee8e516c7/xled/compat.py/#L44#L46,Environment Dependency
adaptive-lighting,https://github.com/basnijholt/adaptive-lighting,custom_components/adaptive_lighting/switch.py,https://github.com/basnijholt/adaptive-lighting/tree/5cd060a37c2cdad3c7e266b937dc50e4b1c79711/custom_components/adaptive_lighting/switch.py,686,https://github.com/basnijholt/adaptive-lighting/tree/5cd060a37c2cdad3c7e266b937dc50e4b1c79711/custom_components/adaptive_lighting/switch.py/#L686,Scenarios Missing in Automation
tinyflux,https://github.com/citrusvanilla/tinyflux,tests/test_tinyflux.py,https://github.com/citrusvanilla/tinyflux/tree/f226fbf1ca69b0815c452bdc1af4c27e92462890/tests/test_tinyflux.py,964->exit,https://github.com/citrusvanilla/tinyflux/tree/f226fbf1ca69b0815c452bdc1af4c27e92462890/tests/test_tinyflux.py/#L964#L>exit,Test Implementation Error or Skipped Test Or Part of Test
amazon-dash,https://github.com/Nekmo/amazon-dash,amazon_dash/audio.py,https://github.com/Nekmo/amazon-dash/tree/78c3f58701ce36c49dd053c9856ea21c91220cec/amazon_dash/audio.py,18-19,https://github.com/Nekmo/amazon-dash/tree/78c3f58701ce36c49dd053c9856ea21c91220cec/amazon_dash/audio.py/#L18#L19,File Processing
xled,https://github.com/scrool/xled,tests/test_control_low.py,https://github.com/scrool/xled/tree/3c7302191f18f8ea14f556bec2cd2a9ee8e516c7/tests/test_control_low.py,437,https://github.com/scrool/xled/tree/3c7302191f18f8ea14f556bec2cd2a9ee8e516c7/tests/test_control_low.py/#L437,Environment Dependency
xled,https://github.com/scrool/xled,xled/discover.py,https://github.com/scrool/xled/tree/3c7302191f18f8ea14f556bec2cd2a9ee8e516c7/xled/discover.py,464-478,https://github.com/scrool/xled/tree/3c7302191f18f8ea14f556bec2cd2a9ee8e516c7/xled/discover.py/#L464#L478,Web Services Interaction
iotedgedev,https://github.com/Azure/iotedgedev,tests/test_iotedgedev_solution_deploy.py,https://github.com/Azure/iotedgedev/tree/4e51ecdcddd4bdd565312dc72401701a202b4e3f/tests/test_iotedgedev_solution_deploy.py,40-46,https://github.com/Azure/iotedgedev/tree/4e51ecdcddd4bdd565312dc72401701a202b4e3f/tests/test_iotedgedev_solution_deploy.py/#L40#L46,Test Implementation Error or Skipped Test Or Part of Test
xled,https://github.com/scrool/xled,xled/discover.py,https://github.com/scrool/xled/tree/3c7302191f18f8ea14f556bec2cd2a9ee8e516c7/xled/discover.py,433-445,https://github.com/scrool/xled/tree/3c7302191f18f8ea14f556bec2cd2a9ee8e516c7/xled/discover.py/#L433#L445,Web Services Interaction
lib-python,https://github.com/blynkkk/lib-python,blynklib.py,https://github.com/blynkkk/lib-python/tree/commit 517326028854c1d1cc8c7606ef1d820606689945/blynklib.py,21,https://github.com/blynkkk/lib-python/tree/517326028854c1d1cc8c7606ef1d820606689945/blynklib.py/#L21,Not implemented
xled,https://github.com/scrool/xled,xled/device.py,https://github.com/scrool/xled/tree/3c7302191f18f8ea14f556bec2cd2a9ee8e516c7/xled/device.py,63-64,https://github.com/scrool/xled/tree/3c7302191f18f8ea14f556bec2cd2a9ee8e516c7/xled/device.py/#L63#L64,Web Services Interaction
hap-python,https://github.com/ikalchev/HAP-python,pyhap/hap_handler.py,https://github.com/ikalchev/HAP-python/tree/8b62c1965b8d88d79b26d1d857408659ab9b84ba/pyhap/hap_handler.py,345-350,https://github.com/ikalchev/HAP-python/tree/8b62c1965b8d88d79b26d1d857408659ab9b84ba/pyhap/hap_handler.py/#L345#L350,Web Services Interaction
lib-python,https://github.com/blynkkk/lib-python,.eggs/pytest_mock-3.10.0-py3.10.egg/pytest_mock/plugin.py,https://github.com/blynkkk/lib-python/tree/commit 517326028854c1d1cc8c7606ef1d820606689945/.eggs/pytest_mock-3.10.0-py3.10.egg/pytest_mock/plugin.py,176,https://github.com/blynkkk/lib-python/tree/517326028854c1d1cc8c7606ef1d820606689945/.eggs/pytest_mock-3.10.0-py3.10.egg/pytest_mock/plugin.py/#L176,Others
xled,https://github.com/scrool/xled,xled/discover.py,https://github.com/scrool/xled/tree/3c7302191f18f8ea14f556bec2cd2a9ee8e516c7/xled/discover.py,157-172,https://github.com/scrool/xled/tree/3c7302191f18f8ea14f556bec2cd2a9ee8e516c7/xled/discover.py/#L157#L172,Web Services Interaction
azure-iot-sdk-python,https://github.com/Azure/azure-iot-sdk-python,dev_utils/dev_utils/custom_mock.py,https://github.com/Azure/azure-iot-sdk-python/tree/f3e84fc448b023e147502ceb81d0b1389d0bbcfa/dev_utils/dev_utils/custom_mock.py,22->25,https://github.com/Azure/azure-iot-sdk-python/tree/f3e84fc448b023e147502ceb81d0b1389d0bbcfa/dev_utils/dev_utils/custom_mock.py/#L22#L>25,Async
hap-python,https://github.com/ikalchev/HAP-python,pyhap/camera.py,https://github.com/ikalchev/HAP-python/tree/8b62c1965b8d88d79b26d1d857408659ab9b84ba/pyhap/camera.py,523->526,https://github.com/ikalchev/HAP-python/tree/8b62c1965b8d88d79b26d1d857408659ab9b84ba/pyhap/camera.py/#L523#L>526,Environment Dependency
azure-iot-sdk-python,https://github.com/Azure/azure-iot-sdk-python,azure-iot-device/azure/iot/device/iothub_session.py,https://github.com/Azure/azure-iot-sdk-python/tree/f3e84fc448b023e147502ceb81d0b1389d0bbcfa/azure-iot-device/azure/iot/device/iothub_session.py,407,https://github.com/Azure/azure-iot-sdk-python/tree/f3e84fc448b023e147502ceb81d0b1389d0bbcfa/azure-iot-device/azure/iot/device/iothub_session.py/#L407,Web Services Interaction
amazon-dash,https://github.com/Nekmo/amazon-dash,amazon_dash/install/__init__.py,https://github.com/Nekmo/amazon-dash/tree/78c3f58701ce36c49dd053c9856ea21c91220cec/amazon_dash/install/__init__.py,27,https://github.com/Nekmo/amazon-dash/tree/78c3f58701ce36c49dd053c9856ea21c91220cec/amazon_dash/install/__init__.py/#L27,SystemCall Handling
home-assistant-cli,https://github.com/home-assistant-ecosystem/home-assistant-cli,homeassistant_cli/remote.py,https://github.com/home-assistant-ecosystem/home-assistant-cli/tree/e9ab228a6fbc50aabe2251cbefbecaabc48efc0b/homeassistant_cli/remote.py,103-137,https://github.com/home-assistant-ecosystem/home-assistant-cli/tree/e9ab228a6fbc50aabe2251cbefbecaabc48efc0b/homeassistant_cli/remote.py/#L103#L137,Web Services Interaction
azure-iot-sdk-python,https://github.com/Azure/azure-iot-sdk-python,dev_utils/dev_utils/service_helper_sync.py,https://github.com/Azure/azure-iot-sdk-python/tree/f3e84fc448b023e147502ceb81d0b1389d0bbcfa/dev_utils/dev_utils/service_helper_sync.py,144-159,https://github.com/Azure/azure-iot-sdk-python/tree/f3e84fc448b023e147502ceb81d0b1389d0bbcfa/dev_utils/dev_utils/service_helper_sync.py/#L144#L159,Web Services Interaction
amazon-dash,https://github.com/Nekmo/amazon-dash,amazon_dash/install/__init__.py,https://github.com/Nekmo/amazon-dash/tree/78c3f58701ce36c49dd053c9856ea21c91220cec/amazon_dash/install/__init__.py,56-57,https://github.com/Nekmo/amazon-dash/tree/78c3f58701ce36c49dd053c9856ea21c91220cec/amazon_dash/install/__init__.py/#L56#L57,Logger
xled,https://github.com/scrool/xled,tests/test_control_low.py,https://github.com/scrool/xled/tree/3c7302191f18f8ea14f556bec2cd2a9ee8e516c7/tests/test_control_low.py,721,https://github.com/scrool/xled/tree/3c7302191f18f8ea14f556bec2cd2a9ee8e516c7/tests/test_control_low.py/#L721,Environment Dependency
adaptive-lighting,https://github.com/basnijholt/adaptive-lighting,custom_components/adaptive_lighting/switch.py,https://github.com/basnijholt/adaptive-lighting/tree/5cd060a37c2cdad3c7e266b937dc50e4b1c79711/custom_components/adaptive_lighting/switch.py,2111,https://github.com/basnijholt/adaptive-lighting/tree/5cd060a37c2cdad3c7e266b937dc50e4b1c79711/custom_components/adaptive_lighting/switch.py/#L2111,Logger
xled,https://github.com/scrool/xled,xled/device.py,https://github.com/scrool/xled/tree/3c7302191f18f8ea14f556bec2cd2a9ee8e516c7/xled/device.py,186-187,https://github.com/scrool/xled/tree/3c7302191f18f8ea14f556bec2cd2a9ee8e516c7/xled/device.py/#L186#L187,Assert
azure-iot-sdk-python,https://github.com/Azure/azure-iot-sdk-python,azure-iot-device/azure/iot/device/edge_hsm.py,https://github.com/Azure/azure-iot-sdk-python/tree/f3e84fc448b023e147502ceb81d0b1389d0bbcfa/azure-iot-device/azure/iot/device/edge_hsm.py,159,https://github.com/Azure/azure-iot-sdk-python/tree/f3e84fc448b023e147502ceb81d0b1389d0bbcfa/azure-iot-device/azure/iot/device/edge_hsm.py/#L159,Web Services Interaction
adafruit_io_python,https://github.com/adafruit/Adafruit_IO_Python,Adafruit_IO/errors.py,https://github.com/adafruit/Adafruit_IO_Python/tree/ecefb29ad7a6080c1839c507abbcaef05d5e01d2/Adafruit_IO/errors.py,66-67,https://github.com/adafruit/Adafruit_IO_Python/tree/ecefb29ad7a6080c1839c507abbcaef05d5e01d2/Adafruit_IO/errors.py/#L66#L67,Web Services Interaction
iotedgedev,https://github.com/Azure/iotedgedev,iotedgedev/cli.py,https://github.com/Azure/iotedgedev/tree/4e51ecdcddd4bdd565312dc72401701a202b4e3f/iotedgedev/cli.py,527-625,https://github.com/Azure/iotedgedev/tree/4e51ecdcddd4bdd565312dc72401701a202b4e3f/iotedgedev/cli.py/#L527#L625,Cli
azure-iot-sdk-python,https://github.com/Azure/azure-iot-sdk-python,tests/unit/test_sastoken.py,https://github.com/Azure/azure-iot-sdk-python/tree/f3e84fc448b023e147502ceb81d0b1389d0bbcfa/tests/unit/test_sastoken.py,296,https://github.com/Azure/azure-iot-sdk-python/tree/f3e84fc448b023e147502ceb81d0b1389d0bbcfa/tests/unit/test_sastoken.py/#L296,Test Implementation Error or Skipped Test Or Part of Test
iotedgedev,https://github.com/Azure/iotedgedev,iotedgedev/telemetryconfig.py,https://github.com/Azure/iotedgedev/tree/4e51ecdcddd4bdd565312dc72401701a202b4e3f/iotedgedev/telemetryconfig.py,36,https://github.com/Azure/iotedgedev/tree/4e51ecdcddd4bdd565312dc72401701a202b4e3f/iotedgedev/telemetryconfig.py/#L36,SystemCall Handling
iotedgedev,https://github.com/Azure/iotedgedev,iotedgedev/deploymentmanifest.py,https://github.com/Azure/iotedgedev/tree/4e51ecdcddd4bdd565312dc72401701a202b4e3f/iotedgedev/deploymentmanifest.py,170-171,https://github.com/Azure/iotedgedev/tree/4e51ecdcddd4bdd565312dc72401701a202b4e3f/iotedgedev/deploymentmanifest.py/#L170#L171,Illeagal Object
adafruit_io_python,https://github.com/adafruit/Adafruit_IO_Python,Adafruit_IO/mqtt_client.py,https://github.com/adafruit/Adafruit_IO_Python/tree/ecefb29ad7a6080c1839c507abbcaef05d5e01d2/Adafruit_IO/mqtt_client.py,116-117,https://github.com/adafruit/Adafruit_IO_Python/tree/ecefb29ad7a6080c1839c507abbcaef05d5e01d2/Adafruit_IO/mqtt_client.py/#L116#L117,Web Services Interaction
iotedgedev,https://github.com/Azure/iotedgedev,iotedgedev/output.py,https://github.com/Azure/iotedgedev/tree/4e51ecdcddd4bdd565312dc72401701a202b4e3f/iotedgedev/output.py,60-61,https://github.com/Azure/iotedgedev/tree/4e51ecdcddd4bdd565312dc72401701a202b4e3f/iotedgedev/output.py/#L60#L61,Cli
xled,https://github.com/scrool/xled,xled/discover.py,https://github.com/scrool/xled/tree/3c7302191f18f8ea14f556bec2cd2a9ee8e516c7/xled/discover.py,577-583,https://github.com/scrool/xled/tree/3c7302191f18f8ea14f556bec2cd2a9ee8e516c7/xled/discover.py/#L577#L583,Web Services Interaction
hap-python,https://github.com/ikalchev/HAP-python,pyhap/accessory_driver.py,https://github.com/ikalchev/HAP-python/tree/8b62c1965b8d88d79b26d1d857408659ab9b84ba/pyhap/accessory_driver.py,265,https://github.com/ikalchev/HAP-python/tree/8b62c1965b8d88d79b26d1d857408659ab9b84ba/pyhap/accessory_driver.py/#L265,Platform Dependency
azure-iot-sdk-python,https://github.com/Azure/azure-iot-sdk-python,tests/unit/test_mqtt_client.py,https://github.com/Azure/azure-iot-sdk-python/tree/f3e84fc448b023e147502ceb81d0b1389d0bbcfa/tests/unit/test_mqtt_client.py,303->exit,https://github.com/Azure/azure-iot-sdk-python/tree/f3e84fc448b023e147502ceb81d0b1389d0bbcfa/tests/unit/test_mqtt_client.py/#L303#L>exit,Web Services Interaction
azure-iot-sdk-python,https://github.com/Azure/azure-iot-sdk-python,tests/unit/test_iothub_session.py,https://github.com/Azure/azure-iot-sdk-python/tree/f3e84fc448b023e147502ceb81d0b1389d0bbcfa/tests/unit/test_iothub_session.py,2356->2352,https://github.com/Azure/azure-iot-sdk-python/tree/f3e84fc448b023e147502ceb81d0b1389d0bbcfa/tests/unit/test_iothub_session.py/#L2356#L>2352,Test Implementation Error or Skipped Test Or Part of Test
amazon-dash,https://github.com/Nekmo/amazon-dash,amazon_dash/exceptions.py,https://github.com/Nekmo/amazon-dash/tree/78c3f58701ce36c49dd053c9856ea21c91220cec/amazon_dash/exceptions.py,62-65,https://github.com/Nekmo/amazon-dash/tree/78c3f58701ce36c49dd053c9856ea21c91220cec/amazon_dash/exceptions.py/#L62#L65,Environment Dependency
hap-python,https://github.com/ikalchev/HAP-python,pyhap/camera.py,https://github.com/ikalchev/HAP-python/tree/8b62c1965b8d88d79b26d1d857408659ab9b84ba/pyhap/camera.py,532->561,https://github.com/ikalchev/HAP-python/tree/8b62c1965b8d88d79b26d1d857408659ab9b84ba/pyhap/camera.py/#L532#L>561,Others
psmqtt,https://github.com/eschava/psmqtt,src/handlers.py,https://github.com/eschava/psmqtt/tree/52094f3ea2d365d011da8fcfb285eb4c634ad0ba/src/handlers.py,551,https://github.com/eschava/psmqtt/tree/52094f3ea2d365d011da8fcfb285eb4c634ad0ba/src/handlers.py/#L551,Not implemented
azure-iot-sdk-python,https://github.com/Azure/azure-iot-sdk-python,azure-iot-device/azure/iot/device/provisioning_mqtt_client.py,https://github.com/Azure/azure-iot-sdk-python/tree/f3e84fc448b023e147502ceb81d0b1389d0bbcfa/azure-iot-device/azure/iot/device/provisioning_mqtt_client.py,413->414,https://github.com/Azure/azure-iot-sdk-python/tree/f3e84fc448b023e147502ceb81d0b1389d0bbcfa/azure-iot-device/azure/iot/device/provisioning_mqtt_client.py/#L413#L>414,Web Services Interaction
xled,https://github.com/scrool/xled,xled/discover.py,https://github.com/scrool/xled/tree/3c7302191f18f8ea14f556bec2cd2a9ee8e516c7/xled/discover.py,184,https://github.com/scrool/xled/tree/3c7302191f18f8ea14f556bec2cd2a9ee8e516c7/xled/discover.py/#L184,Web Services Interaction
azure-iot-sdk-python,https://github.com/Azure/azure-iot-sdk-python,tests/unit/test_iothub_session.py,https://github.com/Azure/azure-iot-sdk-python/tree/f3e84fc448b023e147502ceb81d0b1389d0bbcfa/tests/unit/test_iothub_session.py,1129,https://github.com/Azure/azure-iot-sdk-python/tree/f3e84fc448b023e147502ceb81d0b1389d0bbcfa/tests/unit/test_iothub_session.py/#L1129,Not implemented
xled,https://github.com/scrool/xled,xled/auth.py,https://github.com/scrool/xled/tree/3c7302191f18f8ea14f556bec2cd2a9ee8e516c7/xled/auth.py,74-95,https://github.com/scrool/xled/tree/3c7302191f18f8ea14f556bec2cd2a9ee8e516c7/xled/auth.py/#L74#L95,Web Services Interaction
xled,https://github.com/scrool/xled,tests/test_control_low.py,https://github.com/scrool/xled/tree/3c7302191f18f8ea14f556bec2cd2a9ee8e516c7/tests/test_control_low.py,185,https://github.com/scrool/xled/tree/3c7302191f18f8ea14f556bec2cd2a9ee8e516c7/tests/test_control_low.py/#L185,Environment Dependency
lib-python,https://github.com/blynkkk/lib-python,.eggs/pytest_runner-6.0.0-py3.10.egg/ptr/__init__.py,https://github.com/blynkkk/lib-python/tree/commit 517326028854c1d1cc8c7606ef1d820606689945/.eggs/pytest_runner-6.0.0-py3.10.egg/ptr/__init__.py,37-78,https://github.com/blynkkk/lib-python/tree/517326028854c1d1cc8c7606ef1d820606689945/.eggs/pytest_runner-6.0.0-py3.10.egg/ptr/__init__.py/#L37#L78,Others
azure-iot-sdk-python,https://github.com/Azure/azure-iot-sdk-python,azure-iot-device/azure/iot/device/config.py,https://github.com/Azure/azure-iot-sdk-python/tree/f3e84fc448b023e147502ceb81d0b1389d0bbcfa/azure-iot-device/azure/iot/device/config.py,172-173,https://github.com/Azure/azure-iot-sdk-python/tree/f3e84fc448b023e147502ceb81d0b1389d0bbcfa/azure-iot-device/azure/iot/device/config.py/#L172#L173,Illeagal Object
azure-iot-sdk-python,https://github.com/Azure/azure-iot-sdk-python,dev_utils/dev_utils/custom_mock.py,https://github.com/Azure/azure-iot-sdk-python/tree/f3e84fc448b023e147502ceb81d0b1389d0bbcfa/dev_utils/dev_utils/custom_mock.py,39,https://github.com/Azure/azure-iot-sdk-python/tree/f3e84fc448b023e147502ceb81d0b1389d0bbcfa/dev_utils/dev_utils/custom_mock.py/#L39,Test Implementation Error or Skipped Test Or Part of Test
lib-python,https://github.com/blynkkk/lib-python,.eggs/pytest_mock-3.10.0-py3.10.egg/pytest_mock/plugin.py,https://github.com/blynkkk/lib-python/tree/commit 517326028854c1d1cc8c7606ef1d820606689945/.eggs/pytest_mock-3.10.0-py3.10.egg/pytest_mock/plugin.py,304,https://github.com/blynkkk/lib-python/tree/517326028854c1d1cc8c7606ef1d820606689945/.eggs/pytest_mock-3.10.0-py3.10.egg/pytest_mock/plugin.py/#L304,Others
adaptive-lighting,https://github.com/basnijholt/adaptive-lighting,custom_components/adaptive_lighting/switch.py,https://github.com/basnijholt/adaptive-lighting/tree/5cd060a37c2cdad3c7e266b937dc50e4b1c79711/custom_components/adaptive_lighting/switch.py,1207->exit,https://github.com/basnijholt/adaptive-lighting/tree/5cd060a37c2cdad3c7e266b937dc50e4b1c79711/custom_components/adaptive_lighting/switch.py/#L1207#L>exit,Scenarios Missing in Automation
iotedgedev,https://github.com/Azure/iotedgedev,tests/test_config.py,https://github.com/Azure/iotedgedev/tree/4e51ecdcddd4bdd565312dc72401701a202b4e3f/tests/test_config.py,15->exit,https://github.com/Azure/iotedgedev/tree/4e51ecdcddd4bdd565312dc72401701a202b4e3f/tests/test_config.py/#L15#L>exit,SystemCall Handling
iotedgedev,https://github.com/Azure/iotedgedev,iotedgedev/azurecli.py,https://github.com/Azure/iotedgedev/tree/4e51ecdcddd4bdd565312dc72401701a202b4e3f/iotedgedev/azurecli.py,217,https://github.com/Azure/iotedgedev/tree/4e51ecdcddd4bdd565312dc72401701a202b4e3f/iotedgedev/azurecli.py/#L217,Cli
xled,https://github.com/scrool/xled,xled/control.py,https://github.com/scrool/xled/tree/3c7302191f18f8ea14f556bec2cd2a9ee8e516c7/xled/control.py,171-180,https://github.com/scrool/xled/tree/3c7302191f18f8ea14f556bec2cd2a9ee8e516c7/xled/control.py/#L171#L180,Web Services Interaction
xled,https://github.com/scrool/xled,tests/test_control_low.py,https://github.com/scrool/xled/tree/3c7302191f18f8ea14f556bec2cd2a9ee8e516c7/tests/test_control_low.py,374,https://github.com/scrool/xled/tree/3c7302191f18f8ea14f556bec2cd2a9ee8e516c7/tests/test_control_low.py/#L374,Environment Dependency
iotedgedev,https://github.com/Azure/iotedgedev,iotedgedev/simulator.py,https://github.com/Azure/iotedgedev/tree/4e51ecdcddd4bdd565312dc72401701a202b4e3f/iotedgedev/simulator.py,43,https://github.com/Azure/iotedgedev/tree/4e51ecdcddd4bdd565312dc72401701a202b4e3f/iotedgedev/simulator.py/#L43,Cli
home-assistant-cli,https://github.com/home-assistant-ecosystem/home-assistant-cli,homeassistant_cli/plugins/state.py,https://github.com/home-assistant-ecosystem/home-assistant-cli/tree/e9ab228a6fbc50aabe2251cbefbecaabc48efc0b/homeassistant_cli/plugins/state.py,124-127,https://github.com/home-assistant-ecosystem/home-assistant-cli/tree/e9ab228a6fbc50aabe2251cbefbecaabc48efc0b/homeassistant_cli/plugins/state.py/#L124#L127,Logger
xled,https://github.com/scrool/xled,xled/auth.py,https://github.com/scrool/xled/tree/3c7302191f18f8ea14f556bec2cd2a9ee8e516c7/xled/auth.py,117-139,https://github.com/scrool/xled/tree/3c7302191f18f8ea14f556bec2cd2a9ee8e516c7/xled/auth.py/#L117#L139,Web Services Interaction
lib-python,https://github.com/blynkkk/lib-python,.eggs/pytest_mock-3.10.0-py3.10.egg/pytest_mock/plugin.py,https://github.com/blynkkk/lib-python/tree/commit 517326028854c1d1cc8c7606ef1d820606689945/.eggs/pytest_mock-3.10.0-py3.10.egg/pytest_mock/plugin.py,481-482,https://github.com/blynkkk/lib-python/tree/517326028854c1d1cc8c7606ef1d820606689945/.eggs/pytest_mock-3.10.0-py3.10.egg/pytest_mock/plugin.py/#L481#L482,Others
iotedgedev,https://github.com/Azure/iotedgedev,iotedgedev/simulator.py,https://github.com/Azure/iotedgedev/tree/4e51ecdcddd4bdd565312dc72401701a202b4e3f/iotedgedev/simulator.py,55,https://github.com/Azure/iotedgedev/tree/4e51ecdcddd4bdd565312dc72401701a202b4e3f/iotedgedev/simulator.py/#L55,Cli
hap-python,https://github.com/ikalchev/HAP-python,pyhap/camera.py,https://github.com/ikalchev/HAP-python/tree/8b62c1965b8d88d79b26d1d857408659ab9b84ba/pyhap/camera.py,526->529,https://github.com/ikalchev/HAP-python/tree/8b62c1965b8d88d79b26d1d857408659ab9b84ba/pyhap/camera.py/#L526#L>529,Others
azure-iot-sdk-python,https://github.com/Azure/azure-iot-sdk-python,dev_utils/dev_utils/service_helper_sync.py,https://github.com/Azure/azure-iot-sdk-python/tree/f3e84fc448b023e147502ceb81d0b1389d0bbcfa/dev_utils/dev_utils/service_helper_sync.py,238-242,https://github.com/Azure/azure-iot-sdk-python/tree/f3e84fc448b023e147502ceb81d0b1389d0bbcfa/dev_utils/dev_utils/service_helper_sync.py/#L238#L242,Web Services Interaction
azure-iot-sdk-python,https://github.com/Azure/azure-iot-sdk-python,dev_utils/dev_utils/service_helper.py,https://github.com/Azure/azure-iot-sdk-python/tree/f3e84fc448b023e147502ceb81d0b1389d0bbcfa/dev_utils/dev_utils/service_helper.py,18-20,https://github.com/Azure/azure-iot-sdk-python/tree/f3e84fc448b023e147502ceb81d0b1389d0bbcfa/dev_utils/dev_utils/service_helper.py/#L18#L20,Web Services Interaction
home-assistant-cli,https://github.com/home-assistant-ecosystem/home-assistant-cli,homeassistant_cli/plugins/map.py,https://github.com/home-assistant-ecosystem/home-assistant-cli/tree/e9ab228a6fbc50aabe2251cbefbecaabc48efc0b/homeassistant_cli/plugins/map.py,40->53,https://github.com/home-assistant-ecosystem/home-assistant-cli/tree/e9ab228a6fbc50aabe2251cbefbecaabc48efc0b/homeassistant_cli/plugins/map.py/#L40#L>53,Web Services Interaction
xled,https://github.com/scrool/xled,xled/util.py,https://github.com/scrool/xled/tree/3c7302191f18f8ea14f556bec2cd2a9ee8e516c7/xled/util.py,22-24,https://github.com/scrool/xled/tree/3c7302191f18f8ea14f556bec2cd2a9ee8e516c7/xled/util.py/#L22#L24,Cli
iotedgedev,https://github.com/Azure/iotedgedev,iotedgedev/envvars.py,https://github.com/Azure/iotedgedev/tree/4e51ecdcddd4bdd565312dc72401701a202b4e3f/iotedgedev/envvars.py,59-63,https://github.com/Azure/iotedgedev/tree/4e51ecdcddd4bdd565312dc72401701a202b4e3f/iotedgedev/envvars.py/#L59#L63,File Processing
psmqtt,https://github.com/eschava/psmqtt,src/handlers.py,https://github.com/eschava/psmqtt/tree/52094f3ea2d365d011da8fcfb285eb4c634ad0ba/src/handlers.py,388,https://github.com/eschava/psmqtt/tree/52094f3ea2d365d011da8fcfb285eb4c634ad0ba/src/handlers.py/#L388,Web Services Interaction
xled,https://github.com/scrool/xled,tests/test_control_network_ap.py,https://github.com/scrool/xled/tree/3c7302191f18f8ea14f556bec2cd2a9ee8e516c7/tests/test_control_network_ap.py,18,https://github.com/scrool/xled/tree/3c7302191f18f8ea14f556bec2cd2a9ee8e516c7/tests/test_control_network_ap.py/#L18,Environment Dependency
iotedgedev,https://github.com/Azure/iotedgedev,iotedgedev/envvars.py,https://github.com/Azure/iotedgedev/tree/4e51ecdcddd4bdd565312dc72401701a202b4e3f/iotedgedev/envvars.py,82->90,https://github.com/Azure/iotedgedev/tree/4e51ecdcddd4bdd565312dc72401701a202b4e3f/iotedgedev/envvars.py/#L82#L>90,Environment Dependency
home-assistant-cli,https://github.com/home-assistant-ecosystem/home-assistant-cli,homeassistant_cli/config.py,https://github.com/home-assistant-ecosystem/home-assistant-cli/tree/e9ab228a6fbc50aabe2251cbefbecaabc48efc0b/homeassistant_cli/config.py,91,https://github.com/home-assistant-ecosystem/home-assistant-cli/tree/e9ab228a6fbc50aabe2251cbefbecaabc48efc0b/homeassistant_cli/config.py/#L91,Environment Dependency
iotedgedev,https://github.com/Azure/iotedgedev,iotedgedev/azurecli.py,https://github.com/Azure/iotedgedev/tree/4e51ecdcddd4bdd565312dc72401701a202b4e3f/iotedgedev/azurecli.py,184-185,https://github.com/Azure/iotedgedev/tree/4e51ecdcddd4bdd565312dc72401701a202b4e3f/iotedgedev/azurecli.py/#L184#L185,Environment Dependency
adaptive-lighting,https://github.com/basnijholt/adaptive-lighting,custom_components/adaptive_lighting/switch.py,https://github.com/basnijholt/adaptive-lighting/tree/5cd060a37c2cdad3c7e266b937dc50e4b1c79711/custom_components/adaptive_lighting/switch.py,2018,https://github.com/basnijholt/adaptive-lighting/tree/5cd060a37c2cdad3c7e266b937dc50e4b1c79711/custom_components/adaptive_lighting/switch.py/#L2018,Web Services Interaction
xled,https://github.com/scrool/xled,xled/response.py,https://github.com/scrool/xled/tree/3c7302191f18f8ea14f556bec2cd2a9ee8e516c7/xled/response.py,111,https://github.com/scrool/xled/tree/3c7302191f18f8ea14f556bec2cd2a9ee8e516c7/xled/response.py/#L111,Standard Method Overrides
home-assistant-cli,https://github.com/home-assistant-ecosystem/home-assistant-cli,homeassistant_cli/remote.py,https://github.com/home-assistant-ecosystem/home-assistant-cli/tree/e9ab228a6fbc50aabe2251cbefbecaabc48efc0b/homeassistant_cli/remote.py,484-485,https://github.com/home-assistant-ecosystem/home-assistant-cli/tree/e9ab228a6fbc50aabe2251cbefbecaabc48efc0b/homeassistant_cli/remote.py/#L484#L485,Web Services Interaction
xled,https://github.com/scrool/xled,tests/test_control_low.py,https://github.com/scrool/xled/tree/3c7302191f18f8ea14f556bec2cd2a9ee8e516c7/tests/test_control_low.py,165,https://github.com/scrool/xled/tree/3c7302191f18f8ea14f556bec2cd2a9ee8e516c7/tests/test_control_low.py/#L165,Environment Dependency
iotedgedev,https://github.com/Azure/iotedgedev,iotedgedev/azurecli.py,https://github.com/Azure/iotedgedev/tree/4e51ecdcddd4bdd565312dc72401701a202b4e3f/iotedgedev/azurecli.py,43,https://github.com/Azure/iotedgedev/tree/4e51ecdcddd4bdd565312dc72401701a202b4e3f/iotedgedev/azurecli.py/#L43,Cli
hap-python,https://github.com/ikalchev/HAP-python,pyhap/camera.py,https://github.com/ikalchev/HAP-python/tree/8b62c1965b8d88d79b26d1d857408659ab9b84ba/pyhap/camera.py,573-578,https://github.com/ikalchev/HAP-python/tree/8b62c1965b8d88d79b26d1d857408659ab9b84ba/pyhap/camera.py/#L573#L578,Web Services Interaction
xled,https://github.com/scrool/xled,tests/test_control_low.py,https://github.com/scrool/xled/tree/3c7302191f18f8ea14f556bec2cd2a9ee8e516c7/tests/test_control_low.py,226,https://github.com/scrool/xled/tree/3c7302191f18f8ea14f556bec2cd2a9ee8e516c7/tests/test_control_low.py/#L226,Environment Dependency
home-assistant-cli,https://github.com/home-assistant-ecosystem/home-assistant-cli,homeassistant_cli/remote.py,https://github.com/home-assistant-ecosystem/home-assistant-cli/tree/e9ab228a6fbc50aabe2251cbefbecaabc48efc0b/homeassistant_cli/remote.py,570,https://github.com/home-assistant-ecosystem/home-assistant-cli/tree/e9ab228a6fbc50aabe2251cbefbecaabc48efc0b/homeassistant_cli/remote.py/#L570,Web Services Interaction
psmqtt,https://github.com/eschava/psmqtt,src/formatter.py,https://github.com/eschava/psmqtt/tree/52094f3ea2d365d011da8fcfb285eb4c634ad0ba/src/formatter.py,39-40,https://github.com/eschava/psmqtt/tree/52094f3ea2d365d011da8fcfb285eb4c634ad0ba/src/formatter.py/#L39#L40,Others
azure-iot-sdk-python,https://github.com/Azure/azure-iot-sdk-python,azure-iot-device/azure/iot/device/config.py,https://github.com/Azure/azure-iot-sdk-python/tree/f3e84fc448b023e147502ceb81d0b1389d0bbcfa/azure-iot-device/azure/iot/device/config.py,180,https://github.com/Azure/azure-iot-sdk-python/tree/f3e84fc448b023e147502ceb81d0b1389d0bbcfa/azure-iot-device/azure/iot/device/config.py/#L180,Network config?
xled,https://github.com/scrool/xled,xled/discover.py,https://github.com/scrool/xled/tree/3c7302191f18f8ea14f556bec2cd2a9ee8e516c7/xled/discover.py,367,https://github.com/scrool/xled/tree/3c7302191f18f8ea14f556bec2cd2a9ee8e516c7/xled/discover.py/#L367,Web
psmqtt,https://github.com/eschava/psmqtt,src/handlers.py,https://github.com/eschava/psmqtt/tree/52094f3ea2d365d011da8fcfb285eb4c634ad0ba/src/handlers.py,142,https://github.com/eschava/psmqtt/tree/52094f3ea2d365d011da8fcfb285eb4c634ad0ba/src/handlers.py/#L142,others
iotedgedev,https://github.com/Azure/iotedgedev,iotedgedev/deploymentmanifest.py,https://github.com/Azure/iotedgedev/tree/4e51ecdcddd4bdd565312dc72401701a202b4e3f/iotedgedev/deploymentmanifest.py,193,https://github.com/Azure/iotedgedev/tree/4e51ecdcddd4bdd565312dc72401701a202b4e3f/iotedgedev/deploymentmanifest.py/#L193,others
xled,https://github.com/scrool/xled,tests/test_control_low.py,https://github.com/scrool/xled/tree/3c7302191f18f8ea14f556bec2cd2a9ee8e516c7/tests/test_control_low.py,691,https://github.com/scrool/xled/tree/3c7302191f18f8ea14f556bec2cd2a9ee8e516c7/tests/test_control_low.py/#L691,Web
home-assistant-cli,https://github.com/home-assistant-ecosystem/home-assistant-cli,homeassistant_cli/helper.py,https://github.com/home-assistant-ecosystem/home-assistant-cli/tree/e9ab228a6fbc50aabe2251cbefbecaabc48efc0b/homeassistant_cli/helper.py,183-185,https://github.com/home-assistant-ecosystem/home-assistant-cli/tree/e9ab228a6fbc50aabe2251cbefbecaabc48efc0b/homeassistant_cli/helper.py/#L183#L185,others
home-assistant-cli,https://github.com/home-assistant-ecosystem/home-assistant-cli,homeassistant_cli/plugins/state.py,https://github.com/home-assistant-ecosystem/home-assistant-cli/tree/e9ab228a6fbc50aabe2251cbefbecaabc48efc0b/homeassistant_cli/plugins/state.py,243-244,https://github.com/home-assistant-ecosystem/home-assistant-cli/tree/e9ab228a6fbc50aabe2251cbefbecaabc48efc0b/homeassistant_cli/plugins/state.py/#L243#L244,Network config?
iotedgedev,https://github.com/Azure/iotedgedev,iotedgedev/simulator.py,https://github.com/Azure/iotedgedev/tree/4e51ecdcddd4bdd565312dc72401701a202b4e3f/iotedgedev/simulator.py,27->29,https://github.com/Azure/iotedgedev/tree/4e51ecdcddd4bdd565312dc72401701a202b4e3f/iotedgedev/simulator.py/#L27#L>29,Others
azure-iot-sdk-python,https://github.com/Azure/azure-iot-sdk-python,azure-iot-device/azure/iot/device/provisioning_mqtt_client.py,https://github.com/Azure/azure-iot-sdk-python/tree/f3e84fc448b023e147502ceb81d0b1389d0bbcfa/azure-iot-device/azure/iot/device/provisioning_mqtt_client.py,154->exit,https://github.com/Azure/azure-iot-sdk-python/tree/f3e84fc448b023e147502ceb81d0b1389d0bbcfa/azure-iot-device/azure/iot/device/provisioning_mqtt_client.py/#L154#L>exit,others
xled,https://github.com/scrool/xled,xled/compat.py,https://github.com/scrool/xled/tree/3c7302191f18f8ea14f556bec2cd2a9ee8e516c7/xled/compat.py,59,https://github.com/scrool/xled/tree/3c7302191f18f8ea14f556bec2cd2a9ee8e516c7/xled/compat.py/#L59,enviro depen
adafruit_io_python,https://github.com/adafruit/Adafruit_IO_Python,tests/base.py,https://github.com/adafruit/Adafruit_IO_Python/tree/ecefb29ad7a6080c1839c507abbcaef05d5e01d2/tests/base.py,33,https://github.com/adafruit/Adafruit_IO_Python/tree/ecefb29ad7a6080c1839c507abbcaef05d5e01d2/tests/base.py/#L33,test
tinyflux,https://github.com/citrusvanilla/tinyflux,tinyflux/index.py,https://github.com/citrusvanilla/tinyflux/tree/f226fbf1ca69b0815c452bdc1af4c27e92462890/tinyflux/index.py,317->316,https://github.com/citrusvanilla/tinyflux/tree/f226fbf1ca69b0815c452bdc1af4c27e92462890/tinyflux/index.py/#L317#L>316,others
xled,https://github.com/scrool/xled,xled/control.py,https://github.com/scrool/xled/tree/3c7302191f18f8ea14f556bec2cd2a9ee8e516c7/xled/control.py,754->756,https://github.com/scrool/xled/tree/3c7302191f18f8ea14f556bec2cd2a9ee8e516c7/xled/control.py/#L754#L>756,web
xled,https://github.com/scrool/xled,xled/response.py,https://github.com/scrool/xled/tree/3c7302191f18f8ea14f556bec2cd2a9ee8e516c7/xled/response.py,63,https://github.com/scrool/xled/tree/3c7302191f18f8ea14f556bec2cd2a9ee8e516c7/xled/response.py/#L63,web
xled,https://github.com/scrool/xled,xled/control.py,https://github.com/scrool/xled/tree/3c7302191f18f8ea14f556bec2cd2a9ee8e516c7/xled/control.py,1173-1177,https://github.com/scrool/xled/tree/3c7302191f18f8ea14f556bec2cd2a9ee8e516c7/xled/control.py/#L1173#L1177,web
azure-iot-sdk-python,https://github.com/Azure/azure-iot-sdk-python,azure-iot-device/azure/iot/device/config.py,https://github.com/Azure/azure-iot-sdk-python/tree/f3e84fc448b023e147502ceb81d0b1389d0bbcfa/azure-iot-device/azure/iot/device/config.py,56,https://github.com/Azure/azure-iot-sdk-python/tree/f3e84fc448b023e147502ceb81d0b1389d0bbcfa/azure-iot-device/azure/iot/device/config.py/#L56,web
iotedgedev,https://github.com/Azure/iotedgedev,iotedgedev/envvars.py,https://github.com/Azure/iotedgedev/tree/4e51ecdcddd4bdd565312dc72401701a202b4e3f/iotedgedev/envvars.py,69,https://github.com/Azure/iotedgedev/tree/4e51ecdcddd4bdd565312dc72401701a202b4e3f/iotedgedev/envvars.py/#L69,File Processing
iotedgedev,https://github.com/Azure/iotedgedev,iotedgedev/utility.py,https://github.com/Azure/iotedgedev/tree/4e51ecdcddd4bdd565312dc72401701a202b4e3f/iotedgedev/utility.py,29,https://github.com/Azure/iotedgedev/tree/4e51ecdcddd4bdd565312dc72401701a202b4e3f/iotedgedev/utility.py/#L29,others
iotedgedev,https://github.com/Azure/iotedgedev,iotedgedev/envvars.py,https://github.com/Azure/iotedgedev/tree/4e51ecdcddd4bdd565312dc72401701a202b4e3f/iotedgedev/envvars.py,126-130,https://github.com/Azure/iotedgedev/tree/4e51ecdcddd4bdd565312dc72401701a202b4e3f/iotedgedev/envvars.py/#L126#L130,others
xled,https://github.com/scrool/xled,tests/test_control_low.py,https://github.com/scrool/xled/tree/3c7302191f18f8ea14f556bec2cd2a9ee8e516c7/tests/test_control_low.py,570,https://github.com/scrool/xled/tree/3c7302191f18f8ea14f556bec2cd2a9ee8e516c7/tests/test_control_low.py/#L570,test
xled,https://github.com/scrool/xled,xled/cli.py,https://github.com/scrool/xled/tree/3c7302191f18f8ea14f556bec2cd2a9ee8e516c7/xled/cli.py,206-209,https://github.com/scrool/xled/tree/3c7302191f18f8ea14f556bec2cd2a9ee8e516c7/xled/cli.py/#L206#L209,others
lib-python,https://github.com/blynkkk/lib-python,.eggs/pytest_mock-3.10.0-py3.10.egg/pytest_mock/plugin.py,https://github.com/blynkkk/lib-python/tree/commit 517326028854c1d1cc8c7606ef1d820606689945/.eggs/pytest_mock-3.10.0-py3.10.egg/pytest_mock/plugin.py,277-279,https://github.com/blynkkk/lib-python/tree/517326028854c1d1cc8c7606ef1d820606689945/.eggs/pytest_mock-3.10.0-py3.10.egg/pytest_mock/plugin.py/#L277#L279,Others
psmqtt,https://github.com/eschava/psmqtt,src/formatter.py,https://github.com/eschava/psmqtt/tree/52094f3ea2d365d011da8fcfb285eb4c634ad0ba/src/formatter.py,14,https://github.com/eschava/psmqtt/tree/52094f3ea2d365d011da8fcfb285eb4c634ad0ba/src/formatter.py/#L14,others
adafruit_io_python,https://github.com/adafruit/Adafruit_IO_Python,Adafruit_IO/client.py,https://github.com/adafruit/Adafruit_IO_Python/tree/ecefb29ad7a6080c1839c507abbcaef05d5e01d2/Adafruit_IO/client.py,227-231,https://github.com/adafruit/Adafruit_IO_Python/tree/ecefb29ad7a6080c1839c507abbcaef05d5e01d2/Adafruit_IO/client.py/#L227#L231,Web
lib-python,https://github.com/blynkkk/lib-python,.eggs/pytest_mock-3.10.0-py3.10.egg/pytest_mock/plugin.py,https://github.com/blynkkk/lib-python/tree/commit 517326028854c1d1cc8c7606ef1d820606689945/.eggs/pytest_mock-3.10.0-py3.10.egg/pytest_mock/plugin.py,66->exit,https://github.com/blynkkk/lib-python/tree/517326028854c1d1cc8c7606ef1d820606689945/.eggs/pytest_mock-3.10.0-py3.10.egg/pytest_mock/plugin.py/#L66#L>exit,Others
adaptive-lighting,https://github.com/basnijholt/adaptive-lighting,custom_components/adaptive_lighting/adaptation_utils.py,https://github.com/basnijholt/adaptive-lighting/tree/5cd060a37c2cdad3c7e266b937dc50e4b1c79711/custom_components/adaptive_lighting/adaptation_utils.py,123->130,https://github.com/basnijholt/adaptive-lighting/tree/5cd060a37c2cdad3c7e266b937dc50e4b1c79711/custom_components/adaptive_lighting/adaptation_utils.py/#L123#L>130,Web
adaptive-lighting,https://github.com/basnijholt/adaptive-lighting,custom_components/adaptive_lighting/switch.py,https://github.com/basnijholt/adaptive-lighting/tree/5cd060a37c2cdad3c7e266b937dc50e4b1c79711/custom_components/adaptive_lighting/switch.py,357,https://github.com/basnijholt/adaptive-lighting/tree/5cd060a37c2cdad3c7e266b937dc50e4b1c79711/custom_components/adaptive_lighting/switch.py/#L357,test
psmqtt,https://github.com/eschava/psmqtt,src/handlers_test.py,https://github.com/eschava/psmqtt/tree/52094f3ea2d365d011da8fcfb285eb4c634ad0ba/src/handlers_test.py,365-368,https://github.com/eschava/psmqtt/tree/52094f3ea2d365d011da8fcfb285eb4c634ad0ba/src/handlers_test.py/#L365#L368,test
iotedgedev,https://github.com/Azure/iotedgedev,iotedgedev/envvars.py,https://github.com/Azure/iotedgedev/tree/4e51ecdcddd4bdd565312dc72401701a202b4e3f/iotedgedev/envvars.py,85-88,https://github.com/Azure/iotedgedev/tree/4e51ecdcddd4bdd565312dc72401701a202b4e3f/iotedgedev/envvars.py/#L85#L88,Environment Dependency
iotedgedev,https://github.com/Azure/iotedgedev,iotedgedev/modules.py,https://github.com/Azure/iotedgedev/tree/4e51ecdcddd4bdd565312dc72401701a202b4e3f/iotedgedev/modules.py,331-332,https://github.com/Azure/iotedgedev/tree/4e51ecdcddd4bdd565312dc72401701a202b4e3f/iotedgedev/modules.py/#L331#L332,file processing
home-assistant-cli,https://github.com/home-assistant-ecosystem/home-assistant-cli,homeassistant_cli/remote.py,https://github.com/home-assistant-ecosystem/home-assistant-cli/tree/e9ab228a6fbc50aabe2251cbefbecaabc48efc0b/homeassistant_cli/remote.py,258-264,https://github.com/home-assistant-ecosystem/home-assistant-cli/tree/e9ab228a6fbc50aabe2251cbefbecaabc48efc0b/homeassistant_cli/remote.py/#L258#L264,web
home-assistant-cli,https://github.com/home-assistant-ecosystem/home-assistant-cli,homeassistant_cli/remote.py,https://github.com/home-assistant-ecosystem/home-assistant-cli/tree/e9ab228a6fbc50aabe2251cbefbecaabc48efc0b/homeassistant_cli/remote.py,344-345,https://github.com/home-assistant-ecosystem/home-assistant-cli/tree/e9ab228a6fbc50aabe2251cbefbecaabc48efc0b/homeassistant_cli/remote.py/#L344#L345,Others
iotedgedev,https://github.com/Azure/iotedgedev,iotedgedev/azurecli.py,https://github.com/Azure/iotedgedev/tree/4e51ecdcddd4bdd565312dc72401701a202b4e3f/iotedgedev/azurecli.py,382,https://github.com/Azure/iotedgedev/tree/4e51ecdcddd4bdd565312dc72401701a202b4e3f/iotedgedev/azurecli.py/#L382,File processing
adafruit_io_python,https://github.com/adafruit/Adafruit_IO_Python,Adafruit_IO/mqtt_client.py,https://github.com/adafruit/Adafruit_IO_Python/tree/ecefb29ad7a6080c1839c507abbcaef05d5e01d2/Adafruit_IO/mqtt_client.py,172-174,https://github.com/adafruit/Adafruit_IO_Python/tree/ecefb29ad7a6080c1839c507abbcaef05d5e01d2/Adafruit_IO/mqtt_client.py/#L172#L174,Web
home-assistant-cli,https://github.com/home-assistant-ecosystem/home-assistant-cli,homeassistant_cli/config.py,https://github.com/home-assistant-ecosystem/home-assistant-cli/tree/e9ab228a6fbc50aabe2251cbefbecaabc48efc0b/homeassistant_cli/config.py,35,https://github.com/home-assistant-ecosystem/home-assistant-cli/tree/e9ab228a6fbc50aabe2251cbefbecaabc48efc0b/homeassistant_cli/config.py/#L35,Web
azure-iot-sdk-python,https://github.com/Azure/azure-iot-sdk-python,azure-iot-device/azure/iot/device/config.py,https://github.com/Azure/azure-iot-sdk-python/tree/f3e84fc448b023e147502ceb81d0b1389d0bbcfa/azure-iot-device/azure/iot/device/config.py,163-166,https://github.com/Azure/azure-iot-sdk-python/tree/f3e84fc448b023e147502ceb81d0b1389d0bbcfa/azure-iot-device/azure/iot/device/config.py/#L163#L166,Network Config
hap-python,https://github.com/ikalchev/HAP-python,pyhap/camera.py,https://github.com/ikalchev/HAP-python/tree/8b62c1965b8d88d79b26d1d857408659ab9b84ba/pyhap/camera.py,516->520,https://github.com/ikalchev/HAP-python/tree/8b62c1965b8d88d79b26d1d857408659ab9b84ba/pyhap/camera.py/#L516#L>520,Others
xled,https://github.com/scrool/xled,xled/discover.py,https://github.com/scrool/xled/tree/3c7302191f18f8ea14f556bec2cd2a9ee8e516c7/xled/discover.py,316,https://github.com/scrool/xled/tree/3c7302191f18f8ea14f556bec2cd2a9ee8e516c7/xled/discover.py/#L316,Others
xled,https://github.com/scrool/xled,xled/compat.py,https://github.com/scrool/xled/tree/3c7302191f18f8ea14f556bec2cd2a9ee8e516c7/xled/compat.py,35-40,https://github.com/scrool/xled/tree/3c7302191f18f8ea14f556bec2cd2a9ee8e516c7/xled/compat.py/#L35#L40,Environment Dependency
azure-iot-sdk-python,https://github.com/Azure/azure-iot-sdk-python,tests/unit/test_iothub_session.py,https://github.com/Azure/azure-iot-sdk-python/tree/f3e84fc448b023e147502ceb81d0b1389d0bbcfa/tests/unit/test_iothub_session.py,2054,https://github.com/Azure/azure-iot-sdk-python/tree/f3e84fc448b023e147502ceb81d0b1389d0bbcfa/tests/unit/test_iothub_session.py/#L2054,NNot impl
iotedgedev,https://github.com/Azure/iotedgedev,iotedgedev/dockercls.py,https://github.com/Azure/iotedgedev/tree/4e51ecdcddd4bdd565312dc72401701a202b4e3f/iotedgedev/dockercls.py,194-218,https://github.com/Azure/iotedgedev/tree/4e51ecdcddd4bdd565312dc72401701a202b4e3f/iotedgedev/dockercls.py/#L194#L218,Logger
iotedgedev,https://github.com/Azure/iotedgedev,iotedgedev/modules.py,https://github.com/Azure/iotedgedev/tree/4e51ecdcddd4bdd565312dc72401701a202b4e3f/iotedgedev/modules.py,271,https://github.com/Azure/iotedgedev/tree/4e51ecdcddd4bdd565312dc72401701a202b4e3f/iotedgedev/modules.py/#L271,Environment Dependency
iotedgedev,https://github.com/Azure/iotedgedev,iotedgedev/modules.py,https://github.com/Azure/iotedgedev/tree/4e51ecdcddd4bdd565312dc72401701a202b4e3f/iotedgedev/modules.py,208->213,https://github.com/Azure/iotedgedev/tree/4e51ecdcddd4bdd565312dc72401701a202b4e3f/iotedgedev/modules.py/#L208#L>213,Environment Dependency
iotedgedev,https://github.com/Azure/iotedgedev,iotedgedev/connectionstring.py,https://github.com/Azure/iotedgedev/tree/4e51ecdcddd4bdd565312dc72401701a202b4e3f/iotedgedev/connectionstring.py,17->exit,https://github.com/Azure/iotedgedev/tree/4e51ecdcddd4bdd565312dc72401701a202b4e3f/iotedgedev/connectionstring.py/#L17#L>exit,Web
adaptive-lighting,https://github.com/basnijholt/adaptive-lighting,custom_components/adaptive_lighting/__init__.py,https://github.com/basnijholt/adaptive-lighting/tree/5cd060a37c2cdad3c7e266b937dc50e4b1c79711/custom_components/adaptive_lighting/__init__.py,40,https://github.com/basnijholt/adaptive-lighting/tree/5cd060a37c2cdad3c7e266b937dc50e4b1c79711/custom_components/adaptive_lighting/__init__.py/#L40,Environment Dependency
azure-iot-sdk-python,https://github.com/Azure/azure-iot-sdk-python,azure-iot-device/azure/iot/device/iothub_mqtt_client.py,https://github.com/Azure/azure-iot-sdk-python/tree/f3e84fc448b023e147502ceb81d0b1389d0bbcfa/azure-iot-device/azure/iot/device/iothub_mqtt_client.py,426->exit,https://github.com/Azure/azure-iot-sdk-python/tree/f3e84fc448b023e147502ceb81d0b1389d0bbcfa/azure-iot-device/azure/iot/device/iothub_mqtt_client.py/#L426#L>exit,Web
azure-iot-sdk-python,https://github.com/Azure/azure-iot-sdk-python,azure-iot-device/azure/iot/device/models.py,https://github.com/Azure/azure-iot-sdk-python/tree/f3e84fc448b023e147502ceb81d0b1389d0bbcfa/azure-iot-device/azure/iot/device/models.py,95->98,https://github.com/Azure/azure-iot-sdk-python/tree/f3e84fc448b023e147502ceb81d0b1389d0bbcfa/azure-iot-device/azure/iot/device/models.py/#L95#L>98,Environment Dependency
azure-iot-sdk-python,https://github.com/Azure/azure-iot-sdk-python,tests/unit/test_iothub_session.py,https://github.com/Azure/azure-iot-sdk-python/tree/f3e84fc448b023e147502ceb81d0b1389d0bbcfa/tests/unit/test_iothub_session.py,1160,https://github.com/Azure/azure-iot-sdk-python/tree/f3e84fc448b023e147502ceb81d0b1389d0bbcfa/tests/unit/test_iothub_session.py/#L1160,Not imple
xled,https://github.com/scrool/xled,xled/device.py,https://github.com/scrool/xled/tree/3c7302191f18f8ea14f556bec2cd2a9ee8e516c7/xled/device.py,97-102,https://github.com/scrool/xled/tree/3c7302191f18f8ea14f556bec2cd2a9ee8e516c7/xled/device.py/#L97#L102,Network Config
xled,https://github.com/scrool/xled,tests/test_control_low.py,https://github.com/scrool/xled/tree/3c7302191f18f8ea14f556bec2cd2a9ee8e516c7/tests/test_control_low.py,321,https://github.com/scrool/xled/tree/3c7302191f18f8ea14f556bec2cd2a9ee8e516c7/tests/test_control_low.py/#L321,Others
azure-iot-sdk-python,https://github.com/Azure/azure-iot-sdk-python,dev_utils/dev_utils/service_helper_sync.py,https://github.com/Azure/azure-iot-sdk-python/tree/f3e84fc448b023e147502ceb81d0b1389d0bbcfa/dev_utils/dev_utils/service_helper_sync.py,104-108,https://github.com/Azure/azure-iot-sdk-python/tree/f3e84fc448b023e147502ceb81d0b1389d0bbcfa/dev_utils/dev_utils/service_helper_sync.py/#L104#L108,Others
lib-python,https://github.com/blynkkk/lib-python,test/test_blynk_connection.py,https://github.com/blynkkk/lib-python/tree/commit 517326028854c1d1cc8c7606ef1d820606689945/test/test_blynk_connection.py,145,https://github.com/blynkkk/lib-python/tree/517326028854c1d1cc8c7606ef1d820606689945/test/test_blynk_connection.py/#L145,Others
xled,https://github.com/scrool/xled,tests/test_control_network_station.py,https://github.com/scrool/xled/tree/3c7302191f18f8ea14f556bec2cd2a9ee8e516c7/tests/test_control_network_station.py,50,https://github.com/scrool/xled/tree/3c7302191f18f8ea14f556bec2cd2a9ee8e516c7/tests/test_control_network_station.py/#L50,Network Config
azure-iot-sdk-python,https://github.com/Azure/azure-iot-sdk-python,dev_utils/dev_utils/service_helper_sync.py,https://github.com/Azure/azure-iot-sdk-python/tree/f3e84fc448b023e147502ceb81d0b1389d0bbcfa/dev_utils/dev_utils/service_helper_sync.py,212-213,https://github.com/Azure/azure-iot-sdk-python/tree/f3e84fc448b023e147502ceb81d0b1389d0bbcfa/dev_utils/dev_utils/service_helper_sync.py/#L212#L213,Web
azure-iot-sdk-python,https://github.com/Azure/azure-iot-sdk-python,azure-iot-device/azure/iot/device/config.py,https://github.com/Azure/azure-iot-sdk-python/tree/f3e84fc448b023e147502ceb81d0b1389d0bbcfa/azure-iot-device/azure/iot/device/config.py,177,https://github.com/Azure/azure-iot-sdk-python/tree/f3e84fc448b023e147502ceb81d0b1389d0bbcfa/azure-iot-device/azure/iot/device/config.py/#L177,Web
xled,https://github.com/scrool/xled,xled/device.py,https://github.com/scrool/xled/tree/3c7302191f18f8ea14f556bec2cd2a9ee8e516c7/xled/device.py,144-151,https://github.com/scrool/xled/tree/3c7302191f18f8ea14f556bec2cd2a9ee8e516c7/xled/device.py/#L144#L151,Enviroment Depen
hap-python,https://github.com/ikalchev/HAP-python,pyhap/accessory_driver.py,https://github.com/ikalchev/HAP-python/tree/8b62c1965b8d88d79b26d1d857408659ab9b84ba/pyhap/accessory_driver.py,270->273,https://github.com/ikalchev/HAP-python/tree/8b62c1965b8d88d79b26d1d857408659ab9b84ba/pyhap/accessory_driver.py/#L270#L>273,Platform/Ennv
lib-python,https://github.com/blynkkk/lib-python,.eggs/pytest_mock-3.10.0-py3.10.egg/pytest_mock/plugin.py,https://github.com/blynkkk/lib-python/tree/commit 517326028854c1d1cc8c7606ef1d820606689945/.eggs/pytest_mock-3.10.0-py3.10.egg/pytest_mock/plugin.py,373,https://github.com/blynkkk/lib-python/tree/517326028854c1d1cc8c7606ef1d820606689945/.eggs/pytest_mock-3.10.0-py3.10.egg/pytest_mock/plugin.py/#L373,Others
psmqtt,https://github.com/eschava/psmqtt,src/handlers.py,https://github.com/eschava/psmqtt/tree/52094f3ea2d365d011da8fcfb285eb4c634ad0ba/src/handlers.py,40,https://github.com/eschava/psmqtt/tree/52094f3ea2d365d011da8fcfb285eb4c634ad0ba/src/handlers.py/#L40,Others
adaptive-lighting,https://github.com/basnijholt/adaptive-lighting,custom_components/adaptive_lighting/color_and_brightness.py,https://github.com/basnijholt/adaptive-lighting/tree/5cd060a37c2cdad3c7e266b937dc50e4b1c79711/custom_components/adaptive_lighting/color_and_brightness.py,195-196,https://github.com/basnijholt/adaptive-lighting/tree/5cd060a37c2cdad3c7e266b937dc50e4b1c79711/custom_components/adaptive_lighting/color_and_brightness.py/#L195#L196,Others
hap-python,https://github.com/ikalchev/HAP-python,pyhap/hap_handler.py,https://github.com/ikalchev/HAP-python/tree/8b62c1965b8d88d79b26d1d857408659ab9b84ba/pyhap/hap_handler.py,590,https://github.com/ikalchev/HAP-python/tree/8b62c1965b8d88d79b26d1d857408659ab9b84ba/pyhap/hap_handler.py/#L590,Others
